USE SilabosDB

--USE [master]
--ALTER DATABASE [SilabosDB] SET SINGLE_USER WITH ROLLBACK IMMEDIATE;
--DROP DATABASE [SilabosDB]
--CREATE DATABASE [SilabosDB]

DELETE FROM [dbo].[__MigrationHistory]
DELETE FROM [dbo].[Estado];
DBCC CHECKIDENT ('dbo.Estado',RESEED, 0);
DELETE FROM [dbo].[Silabo];
DBCC CHECKIDENT ('dbo.Silabo',RESEED, 0);
DELETE FROM [dbo].[Asignatura];
DBCC CHECKIDENT ('dbo.Asignatura',RESEED, 0);
DELETE FROM [dbo].[PlanEstudio];
DBCC CHECKIDENT ('dbo.PlanEstudio',RESEED, 0);
DELETE FROM [dbo].[Departamento];
DBCC CHECKIDENT ('dbo.Departamento',RESEED, 0);
DELETE FROM [dbo].[Facultad];
DBCC CHECKIDENT ('dbo.Facultad',RESEED, 0);
DELETE FROM [dbo].[Escuela];
DBCC CHECKIDENT ('dbo.Escuela',RESEED, 0);
DELETE FROM [dbo].[Competencia];
DBCC CHECKIDENT ('dbo.Competencia',RESEED, 0);
DELETE FROM [dbo].[PlanFuncionamiento];
DBCC CHECKIDENT ('dbo.PlanFuncionamiento',RESEED, 0);
DELETE FROM [dbo].[SilaboFase];
DBCC CHECKIDENT ('dbo.SilaboFase',RESEED, 0);
DELETE FROM [dbo].[AsignaturaCompetencia];
DBCC CHECKIDENT ('dbo.AsignaturaCompetencia',RESEED, 0);

INSERT INTO [dbo].[__MigrationHistory] ( [MigrationId], [ContextKey], [Model], [ProductVersion])VALUES ('201905251654006_first-migration',	'GestionSilabos.Migrations.Configuration',	0x1F8B0800000000000400ED5DDB6EDC48927D5F60FFA1504FBB831E95E4C600338634038D64F5A867DC365A6E63DF04AA2A2513C3226B49966163B15FB60FFB49FB0B9B2C16C9BC45DE792B25FAA1AD62666446E489C8C85BC4FFFDCFFF5EFEE5DB36597C45791167E9D5F2E2EC7CB940E93ADBC4E9CBD5725F3EFFFE8FCBBFFCF95FFFE5F2DD66FB6DF1B929F763550ED74C8BABE597B2DCBD5DAD8AF517B48D8AB36DBCCEB3227B2ECFD6D976156DB2D59BF3F33FAD2E2E56089358625A8BC5E5AFFBB48CB7E8F007FEF3264BD76857EEA3E47DB6414971FC1D7F7938505DFC126D51B18BD6E86AF9132A4ADC878738899EB262B9B84EE208F7E20125CFCB4594A6591955DFDFFE56A08732CFD297871DFE214A3E7DDF215CEE394A0A74ECFBDBAEB82E1BE76F2A36565DC586D47A5F94D9D690E0C58F47B9ACD8EA56D25DB672C3927B87255C7EAFB83E48EF6A795DC42F6954EEF3E820E4E5826DF3ED4D9257E559199FD58372C610F8614117FBFAE68716201847D57F3F2C6EF609AE80AE52B42FF308D7F9B87F4AE2F5DFD1F74FD93F517A95EE9384EC36EE38FE46FD807FFA98673B9497DF7F45CF4766EE37CBC58AAEB7622BB6D5883A357FF769F9E39BE5E217DC78F494A01615842C1ECA2C473FA114E55189361FA3B244795AD14007B972AD336DFD926D9F72D4B4878188F569B9781F7DFB074A5FCA2F58D3CEB106DDC5DFD0A6F9E5D887DFD218AB1FAE54E67B24E8A3BCDD1BACB92F99A4DD3FF4D2EC03C2FA59760C43029653F95B9647052615A551828A4F28CBE37554B4CC605612F3AED1443FE6D1BAC454AFF749D40BE19FD133F24AF8739C578611F99243354E84783D536DC4E099AC2F21DCE468139759E186D3FBCDC7244ADF15E57E1367AEA46ED12ECA4BFC475A3AD2C21DC213821B8D3BB4FE5299F7F8190FE2FA3011D5E46EB119FC84A76C2D0258CC4065C3EEFC56ECA33CCE587A83D9B563FB2281D8F78169F297E86BFC72987498C6BBF9F626DBEE5089FDB2B83287BFA2E450BCF812EF6AC7E74C58F4304B3F769F70D5BB3CDBFE9A251071AEC6E3A7287F4125E63933AAF690EDF3B501ABB4124819AC1BA32B88D8E2CBB5BDE29911146E38D7658132091A1C50E561068862CAFE93654DBB8F31BA8936480CAFFAA3144F40110E40503911622E579D13ABE9DAB2A874F172595AC1E195B64588CB754EECC6C095523D547751E1E89A86B9F554E7D6812754D8866BCDC3BAFC51CA68C61F55558B3FE20713FEC86AA6FC917A2D60AFFBCC8A9276A53AF6F46A70D3996635A7D9CD7D4E0B3399D14CF6AE58EF31A61C5789B7A858E7F14E61D7F03F6D0C5B989E4E7A7A3A225068DB383BDA16EEAC19548633CF60419141D6B658472296D68AAC1D2CD5043799EFA2359678B451F31AACD66BB25A0D2E805D0452AF1FC9B29DDD028A70660B2AE764B51A3A96668BAA1EECD604ED56B037F3B337DADACBACC4CCF59721103458DA96FB965AB339E746E5535CEE13D981B79F05567520E9CEF241F7EF71BBDDB1A1B5E61F68DDC5EE262458C5F959454FC786BD6D93B1FE9AE1EE9ABEC3A9B9FF571784D9A8FEA5ECF4A190DD46A5A49335EDAE2D81B8B922C036245FCEF41C96A8FB103DA11CF0E4BB6287526CBB62490B8B4A3654C5E5ED39929E70B2C5F458129795F0045470DA1E76707982B3E365B9E2C7C5F890E3FEF4DE4A7041A404820BD2D3C2CC6951166C94DE95C4BB7D5A0D74B48DDD6F13FABB85F1B0DFC60971DDB62FD376BD7DAAF846879BADC335C75D79EDADC134CEAED7D885D9E24A8E438212B4C6380BD763406A276FC05DAEC790EB0DE03E0C50045865B9DF7811D93F45CF4555C40CF025A57C088ADBAD1B6FE3AF7135C149572D4D217259C133222A05AC548445ED165EB7D9BAB291D2EED74514BDE70B419D1794745806FB5EB9CB60235AE15BB95C3CFE2CDD2F805070C514D3B4F3ECC33EA872702AC2547EF253B9E15A8CB2EFB66B328A483008BD1F74DD6F1A890757FDB5E9B7CC57E950A1E9207615E42E62F317E0B20085BD9F8F3878B73A1D677C492BABEA684F8325D5B5A4031DF61F9710BDB7F339C6B638DC0D0F06DFD9A123D6BCD6FE1C412318A121DC39DACA582A66BD381F5C036EF07C397C989160CAE667CAA4BE6BA3027A9B836D71E9EEE0F10FC8FB1315F5EFB4DAEE696A74DA8BC7EA346184A94273AA504663BAE845A7AF772849E24D86FB8BBB3BBC996EDA7F3F52FBF5859D62F076E3CDA778977999D7C34C775A331D050CC1B4415978AA70376B4065B849032CE8346710842CE70D9642983B246D6DB49E8F879752C1FC982AB2E88AB5CB73A98E4A5068D9AEE280F120EE37EDF57D1F4FB4DC2F887D8E922CAF434E3A9A9503A5E39DBB1030F1D55939E9B2DCF8C94A5341F55EA52E27792124286CB7A97093C7D8ACC4998C8BA60C776B08E4475503B84BA5AC6677B1EA5D15D5B5442FF267695D297D3ED575004E352A5AF2FA35DE285FE0B5850C385555811855D6B3BF2CD7F75B313DF5E3DF61D979492EBE51F0885EDDC3AAE04CCCCF99305C3251D3A1ED8A892212CC83B42DC219F2B58C29BC2C8C82B2CF4FD9653E8CB9D74DD4903BDB6D41C07D814ADB4744D578BADFC30A42873B89976A65961D0D7230C5C1530BC67B16C6DBD0536396F3B6BE1A43269808695B9DB482BB1634BEDFF0C81DD2B4F70FC94AAA7DC3EE6FC0AF9154E8D571EB6953548F49DFEE9BB3950EF639B870C1A0CFC4A09BBA70D44185B5074751090642EEC035C20AFE5B50F75EFD378B4351B28EE230B42B0A393660F97E9DB73E8E79B538F4EEB9391AE7609683DF160CF93C0CB9C5BD5222CCADCBC552824C3011835CD36C28D59277A355D3B87723F2B07FF2D1976077E66777BCDC39F310CD1BBE75A608FFADCB4C037045E265B65DDA5D949794A6611614770A48EE64FD83CD9F945BE82F0A7030C1A765825521621D72C6B31657955BDE7CD6D0CE76EF6474657C486CB495D1BD45BB282FF13FED837D722482011EDF00875C9BC1FCCA726D8A5F93B39AFCD81527DE9383A5F817E57051E740C51899FB8DF51D3E9642B0598A3B3AC75CD1C196045BD28D279C6D9CD52F51B671A80C6746C0826EB780BB147237FBBCB0BE0D2C2213CC89A4AD615FB4872C25AFD16E995C26C3836B7F91ACA91C345ED2966E509A10932668AF91F6D6006C3AD164B9B2BD5E20A316F45BAA63D4F2A0F75D8DDE1BAAF276170F0863274A50D1A46ABBDEBB2E81C4747F46CF8E2E8A98EEE7382FF751E287749557A6225E47E3F1248786289B0CCF0FD523FFAED708B19DDDC4AE7911E911F222C430B39DF0CCF631CAF1FFCBDC7E36632984194CA6E38790BB37595AE699A3C12496B70CBDC1607C9F3E67F9761C15FA5A055A73936089BE9523841FDE7F8B9338CACF2F98DE6B567B63542D18EF1336DEC72006DDCEA05BE81786CE091A72BDEB85AE544226B4D7AAB9B2630C8D4C68AC064A92A18145A148276079EFD925B8A69A1A4A1EEA9F75393896763A9CA96FB7B89CCBB0144ED06AFA737F3DDD971EF2642798E1F9996148FDAF8B22C3E6A34232774D90332FE4AD409A9D77E966515B26BDEA9D41AB79AC4C255C13338FAD43BCC3F600B370B5FC1D274EE3F6DBEBD5A2F6858D5E2C5963F321BD45096E6171BDAEE457E5D82AAA9D6BDEE0E0EED1BF60FB84F2CA4044095EA9569B66715AF2C62CC69DDF4589156B0C354DE358F5B66D97FD728B7628ADEC9AD558EB7588BCBDCC77ADED012360953C2F5704D0E5F83FEEA8D397A6100C78A0BC08E16451134C434D0840DC7C9D2884159C0C8059C570E9F480BCE1390A44396D6B4E812000411544207531BE603B02A4CA94617CA0AA381900A9AA41D3EBC2B152311254255304F1838D3741FC308A3741B62F80B7AAD5F1216EC6DBB8EE8460B0F53A44826C1C0DE8DE8DB09E11D137D8BDD0AB2ED200A666AF0034EEAFD4FF36D7582B053013ED000A60263BBD0E916F682781FF435774D143BFE7D5C6B6CCA40B9B107AD243288E17E0922C8C00537290F49A1F1D8EFAFB194079189496803C8D2D0A052F838173EE9B102417D51B8C63D6F8681B570FBAB4C0CA57EB09B3828604D0E54BCD00C2306B0323191E4CBD8E08303426B09B9336E6484F8E36712518D45479737003CD09A02D6D682A8096B333189CE583A8D78DEE087832103E9EE79A208A3DD9ED15BECCC1B0DE04304DE8D2AC8C045C7AF04C56622381164C570EA1489DBB9C30805492717DA42AD39E136DF0C9CCA70656153703405535683A5D88375436FB314D2CC98D0AAF70158989B5C4ADA42D917B3069D4AA7919CEC44A064FD333981A6AF5FC02BEC620989DB7530073320E6067E71290EB4B22DCB4D6E60251DE7057A1D76307BE7320B80DF68E9DB71104D21A78FF402092D920144801AFDEDF97E58317C1814C206D739E2049294FB607B63215D32AE765D00306780835E1DB84E91F11BF501A5239A0943949590433A9354D01ACCA6A4A5E6D90B53415102BF8190CC58A71D4EB0791BB76324026A6143D93AC9F90B657680B1A963A09D3B7D7BAFC8D847978A44D5C103AEBCA885A20C9522887A14ECA4216805CC23D53EC6BA43DA4EE644A9B9B0AE0D54C0D0675F5A0EA7585CC753921701B1B7993D495BD83FDF44CBD3E87A369C0A9997B30A999028BEA0C671CFE991C5DC6F0572649234DBDB4B1C9E05DC5D27030578DA7A69DEF32364E07D4E6565E3FC95DCF203F4113AFCBE058D03F3103CF6E33B53F1AEE30B63F0EB7C9D83569BECD3D15B82B791A6DBF911B5053788F0E6B2097961A64AAC45A22945149A46C90AD48CE354F68CB991A14DBF2419D09B8A1244510BC94198B3A5459025895EB684ED7F715BC0C0057C578E9F560F4EBFB8A84543A50E2AB1962B6A78376DDB485CE5384338061090E8C63584C2646B7891234CEF551383F1104149D6445C425393E1B9AC13D5275B2A3F984C8503333007CD583A7D389D103653013EE23C99646CC01BE923CD2803170A54D89AE92AAB4647CF8EAB0340080750651AF1B1466C6813198D209C2953ABF13FD308FCEE8A68F5F657AA8D9C47B51713200645583A6B9C1DC24849884C12578D2B6B7449D9ECD2DD912F06455A619E3A35683A1116CAD6000F57A41A265D48B4E60D059F92E9646045AEE6A9343702255A3737DAAAAE468B06D33E5806ABA105378B00AC520364497EA7D8A0AD0E7676717E698B67CAAE2F126BFA24BE341D2E6DDC920407C7708385B25E2C035504E81B1B8FD6BF5017D2B05E1A57F2BD031C274710C65CBA2A522FC804ACEE9582EDEB5516E217781831E448C0A1D26A1CB235ED1849CB031B9D6E3E348D12EB7824C97E18BA3C3EC9828089167041C29EEE846D92B21197D02CD0316A0277A4444E1333882608413AD1E767304D05366EA561095903323746CBC795809758E7A95A8EA1B48CC880CF54C9923C5BF17D786EDE110588A5DF2105F451622664082BA540D768CB925AF324230393342EC2D40B07FDCF54EA55D93903425C6DC64813BC95C4F52F55142D090147B4A2005207592A2200C92332142EF82F18ACB6F4C6A98D476AD27B4A5F4D25B7F4E3D249E904FAC64760B350A0FC90E4408ECD2172B8800E94D0554E569555532EDF2CE8964CAE5B5D3B33B526F0572FAB530098D149F82842147789C0ACF8DBF29B0202A2B7D39F88E01B0B1A495F4A09506E86E72EEB9715BCD5249D816BF7EA725AA216D284CBE40BC5A11F5291E5531F509A6E0FD4E3539818C3A2FD859426094768188F422BA534C2963BA135CE9624B19BF5D2D780B4169C60837535C30BAB8AE3289E28BF7A5B8A258E27AC367216E66090605A416885BB3262C023D0222714B2F9E193720358EFD4ABB66412D5BFEA6A69451EA7EA6BBDCA89B97947914E432B2158AD6DC0C1555F1A235FB369B034AC90C3FBF92ED8AB61FE49252C58C055994448DB5979B24422C41541DA3D45A8C40BC5150883AF14905DC2A22947202949C0B689216881122EA4978CDD0EB894E74C6A0E48E3962F02736E6144109680B918171160502D38BC94871A58CCA4802010C8666108191A027090B688F2D51883F185BCA80802208C84202F2D8D2109A84AE481FFB1499521B55C1E8548C2975D14E5E0368223901114FCE54332759546F76236A78982B496AA078BCBA61407C2DA98FAA8AC705389792885C421E8F9BE75A8EAB24FA16495B44D15A7450682750765AB1A04407E28A68509CF4BAED7DA5F054919FC8852840D5930009EC2B5168168C48C9364FA007D90A1A91AAB85FB04A02D78052D60D7623605D23DC0DC7B4340A8A45681B6ABB0A22ED4DA026F0350DB4A2C1BF09849D043D328CC1801CB0B0F5627888585746F1E0452B89F0601EB183443044D897288DF06B164142CDBB117AED453C2E76E15803DADE5657C5D4296A7FECC7E7EAC80FE7B6020FDCA5C2D479140FB0AB78162FE4177CB667F104BE2F81428FAA0572D47A7F4D71A77A814D30A5212BD56BEBBEB663152F7A159212D4D06391AFE8416E02A2528489C9DB6C8EC1AF4845DB639A6F4EE90D2DF5AB53726F46FEB6CBE885693F87C8D2178CD2135141799DB349BE9AFCF453F3C8534056B45726190F0BE181EFE60482D37B634771A77C65C71C6EC04F5B0C5ED4F57C02DF1DD8B4BD55830C7CE5250583E89D973BC4446FBAF4C6C17E13037C2E04EF5EE8BD3012ED2828DF18F1FB159A1714540D0C71D804BD52D197A4E62EB7EA618B6F297ADCF1AE5E5B514F2BDA6F97AB87F517B48D8E3F5CAE709135DA95FB2839F4A2683EBC8F76BB387D29BA9AC75F160FBB685DDD04FAFDC372F16D9BA4C5D5F24B59EEDEAE56C5817471B68DD7795664CFE5D93ADBAEA24DB67A737EFEA7D5C5C56A5BD358AD29F7867D08D2B6546679F48298AFD56D970DBA8BF3A2BC8DCAE8E9E0E1DE6CB65CB15A6CC443125A7CAD809BE6B8B722FC1036D7109B2AD5BFEB6A3FA1E2300E759BDCA312865427CE3BCC61359B1D984542EB0650C0341ED65112E5CDFB1DE2F1CE4D96ECB729FC9807AEFD4BB67DCA114DA1F94D9F0A1EA1F825A3A934BFE95379405B2C55B637DDAFFA94FE868154E08A511A25A8F884B2EA8E6B41D385CAD8B6F2318FD6252671BDAF6660B825BA9C6B6B3FA367A4D35A5DCEB6B5CF715E990C24152151C8BC9D6A88897110B7C315B26FA7918BBCA1AE947D4B0AD9098A19E85D8E36719931A4BB5FF529316FAD698322F555653469F79D262A5F6AC1549BFBF724B5E6377D2A7768FDA5B2B4EDCD7A9AA0E0B3216D3C0810DDEE933ECDDF8A7D94C799982AF7D1982E2C0961019EFEE58A99E0D8C974C5CDA68C77C3CECF86B3B7FC7AAFC544CE3D617099D3D5C4FA99DEEF3794974A13923AB0329AE44A8C26295BA3C92892BB973445785F534631188960245A23E1C934783008E39981E3D650C152E97ED7A7768B8A751EEF7818501F82B2CA690665152A2BBCCBAAADA8549403732595579FF2329C0CAF486154127611A616D432A865AB969293366DBDA4A386982BA6A2FE943533E852D0A55697A4974CB4B5A9A362AB4F4A0A7D39A3A2759EE90AAFCB442D5A2F9A50FA1497FB84A1D3FC66B6EDC7F3D5FD6AA889F769BC6637E2A80F86F4EE6291521F7E0D564C4E335831C02370B35F2E966B709BE5C70BF8906F1033C6C79F827508D6E1A4AC0378E9C2D0BF71F36D06F66B440FD6F99334F99376790BBE77DE1FF6DB3861CFABDB1FF5E95C6F9F2A6ED0E1649621C77E33A72A3EACE5BF1A504EE3AC89A5C50C12F3C9E4FA4282D62502CF3244DF837595D30CD655685DB5A279685B5A284EA9B9D5D5A6D48F05AE549757E671AE20057D0DFACA7843922BBD865E111DB1D7D63B5250E9CB4BF2B56F4386D167AE1681F160606A415F83BEB6FAEA43535D757414EDF4B317DAC680A12E07408161603A9F63AC803495E34F41AFE534835ECBE661305094E9344C8693B79E85A5446630098B949DF8D94011EA9503A302CD8F06B7A2A39C7B8C50FF14CC869C66301B6277C0DD60389A8A318C849F473DD73B9424F126FB1895284FD9E539FBD19CEE7B19DDF7E674EB531DE69E64FBA33E9D7843854724A9319F825192D30C46496894E4F141B50D139716C7DC38A949F463A036D03DE44DB8871CD48BFD6E7D49AB8E7FE4BC5860D244D92E175464FA5135DF57FEF152A30928C6AC409A9FC77C3DF4394AB2BC7E64CA9803FA8B21C5E341A58864F729982B39CD60AEC4E6CAD9483999A6C10DD2742E6405350C6AC8780D6D3C6067A781CEBC68EB3328A8F4B5C74884BFA6C9101FECA6F902F21E04258226CB69064D163F1AF6A0C3AEDA3B8ADE869935E8E304F5910B53EE3CB7B219836D6757259DBEE65732663B4D4716CD5D4631CCB041A307D3683FBAECAEC523E96F986783564E502BD9840AEED32C9DF5DE7A965590E96D92ED524B30732C9C7342462F4CB14199879B627DA8B1B3028FA3BA617E0D2A394195E4B26878395826B279389D2C4BE9F435C5FA3EBE6DEA35694A4434A10C2912DC1D6ADC33586B7E347862B67F12758CF8395816C54804CB22B22CEEF6C4CD8A8C603BFCCCF1FE9FD507BD0C7AD9DD1E97675CD2BF42CEA69CB2B947AEA631654D0D012E8396F61852014E5965144B814CD7651944414EA2BF03A563FE30F6344998564C462BA856502D51FCF59B7D5EB85DA96068595FADD0A3D38FA6F9BF4DED23A266D0D9A0B3E4E16C35F06E07B39882C3A12C5CBB1FAD0CCF89823EF5A64FF71BDC54DBB126BE9CD3B90C40D256E3CCC8F5A3824207D4C2FDECF22D8B568926945E4F8EBF86CA31119D4E836D51F33643BE3F877C7F34E5F647DB91978E0153244C7F729A61FA13EFAE4439FE7F993B4E790419EBDD1525897EA6B63A7246959A38CF18E3CA7CB25A470A098BBE1BAC2AD3E72CDF0AA0467DD0A7F7B57AE84A533AFEA44FA3CAEBCCD894E34FFA34AEF7DFE2248EF2F30B9A10F9BB05B53700B537C168AA6806A3297B4CE8277BA1380BBDFD93C2D1321986F0A1417127AEB8F54D08E7BD6E828CDB9D8CE177B87D5E720AE94683AA3AAA6AF3B1F282A33845395BA46DFDF84BFB77D1FC506956F45207B82ABA7A0FEB2F788D7C9045B18BD6B5378FEEE2BC286FA3327AAAA2F51C8A2C175870D545E81CABC1F7A244DBB3AAC0D9C37F263749152ABF2BF03E4AE3676C0A3E65FF44E9D5F2CDF9F91F978B6BEC4C16872412CFCBC5B76D92166FD7FBA2CCF0023DCDCAA8B21B57CB2F65B97BBB5A1587168BB36DBCCEB3227B2ECFD6D9768501BE7A737EF1E3EAE2628536DB155BFD48568BCAF99F1A2A45B1A1AC0A61E01A0FB9BD42253041977F47DFD9916E10F62B7A5E40C6E772C556BC1418B0AA1757CBB812EEC132FE84F0D84725DA7C8CCA2A3260B3EB597E5F2E7ED927D8EC26B8FC7394F027672CF9E6F24ADD44FA35CAB162E2B5CCFBE8DB3F50FA527EB95A5E9C9F1B936D022C4AC8FEC19C6A97C0809088210DE18650D150C496237124496F9A7A275BEF8E7A234BECDF79A0C9ED747AA4D96D6A7A24EA87FDE3D665E182CB3AA95273758724C41AB8B7F7E9067DBB5AFED7A1E6DBC5FD7F3C52957F58544F3BF2B78BF3C57F5B7483BAE767DC0FB2B653471A57C65EA202DFA526B6C1A6B38CB788A458E67B3D829D730113D3EA1EE7ACF8B595427F45BB095E1CA4E3A2394FCA17D7B39D32EF37E45E86B18610951D3595BCD46DDA8BAEAE6327C8B72DA69DE8EA0653F11A4DC5C91A88E3597F61AE124D4D2785A07614E881FCB76DF4EDDF4DD11C146CA60A7644D32929574F0B56F2E98599CE7635C324F61A75AC19FFA06401E3A78AF1CE513F2594376F0B4C7D34E7054B77CE6BB762726ABCC983E7C12FAC76D33811DA68F47D1AAFBB5D2F6BF53BD0BA8BDDF53818AA991AAA533351E289D84A598FF17E3C500A2A1B54D6B76F714A4A5B9FC63089EDAD4E74681AF3DF2E7ED86FE3A43B1675B242D7DBA74A2AE870D6E897247BD4E846348DB3E61992937D7A40095A6380023BEEC15EBE0E7BC9DB8553B29D95B6380F3D7B4F04D4DFA029A7AC29C7C4D47002FAD96AC9A81B08E4CD72E3EB21C79A61ABFC352AE429AAA2C7EDB43695B2075A9F63AC24E1F0F7356BDB71FA03331ACF56E5C69EFD68353598FCEA8A4ECD1F3D7FDF20BD8972FFD7B583E598A9E538419BA1F120E1C27C84AE772849E24D86FB87BBE75D811AF2EFFB215F1F2E14BEC9C69B4FF12EB3B49254E5B04A788DD68700C02959A00D7C29335CAC79AD58EFF6F2A1DCE3B3C5BBEF4BC8D87B6FD24819BBFD75C5F9BF74F85C059AA91FD73969FB81CEF194CB8950303C73353CA7666E26795326A8C75CD5A38E0E04272E9FAD9EDC6F1AAE2C26D2B6AAB7A9B4B09FD4391A61B9F81A55F51495344C6641437C4F66D2FCE0B3D594EAC56C9B7FDD780EE9EA86092DA8EB44D4F53415354C694147BC4F69928CDCB355143C2BB5E9CECD27B4A66A98CF82AE4E44574F524BC3741654A48F634030FBF46C35651207670DA1266CB35D37EADA4E1DA949DCBBE828117D3A1CDCBD3A53717A06C2E3543A8947AE41B566AA5A8AACF241C14298B4A05CB6CA254F073F5BDD22D2CA9B1F3E1C2A0675788DEAA091B87DB63AE1FFE6670876F14AD504CC9F3E5BE5D07F061050FE5A50AE9FB37CB6B067BC242F8B102FC4D4C97BDCB30C8972F7F8A3DAA62F77270CE4EFF141928DA9E5832697BDC786689B77DCD7B878105EB0E433B5E4F2B4DCB3B5DE4C6A6F7B588A5279FB1D7A2AABB75FD2C734DFF6DC1F737CFBED1599EF5BD835AD2085449A6F6B22C16ACDD46AE9E4C21ECC7669ED9DF90FBF6E4C2304410BCA667F807B729B7E5E6E2584C455AF5349AE8B22C3D34E65311B8704CC22F9D87D2A18DD79976E16BF6609E293351F3B5DA59D3EE3BEBDDF2765BC4BE235EED9D5F282CB75FF21BD4509EEC2E27A5DE7A7BE898A6A8F86D741DC01758FB87956DC39BE18DDCFDF71CD63FB80F24A7DA3043BD7D51A39E6F38F7FCC634C72172580A498F29AE6A762BEA5CC7EB9453B945676452D0ABDD6C94B1E7C3FDAE698C15189E77245C0508E4E32AF5A7BB28D6038D239A2C8F166BE0C02452A2B1CD919FA432F709364CBEA076C700A3CA03DF28AC328E0E20C5EB377EA753C7BC296D4B80D64D28C87DC11629656AC4B123A0ACC24332C99DFB897817E6573AC2540C69D64A924D7A32094C93AF72864099E74D9A4752404B86FAF1A9FD2F47E138527F9A86012E83C7405760045281C1A7F0E1AE1CDFD1B106376B01E1D52735EE592C9BC78749DD83A16CC5C063637FAC295449820491934AC50CE217288C132270E3CAD7C4C5301A02831DD8840A412823CB6272AD020D3F943C86166BE0C0839B84FC2EFBD40509257A54FE0D934DB9D9A4D0676C7C3408F96E5E401676E7846825B73D03B0AD8C820E68F644C7C6880B9C8E7E4E8F21F07011DD81F595F3CC14C1E09BE1FAC19B7C7A43B18D3AC91785361CD6A5CFB356C508F449FFB994707C69A2A4313D8EAE4D036B7397474A88D33839A236DD409945CAD12D1A46603B33177DA460198E95EDB04D045E7DE786CA29D8103DBC5CDA7C694F8796080413D1216E8076A402E81BE9166DC6E1BCA6E44BC51E1AA1FBB58ECD040D3E1ADA94356FACB80B083FB24FCDECF992A1CF6BB4FDCD9344B04DC9F0CF004011E7B3535278F4707B334122C45313E47C42713F6F89188EB0D8D3E1B2999BEFBC47C1B108FB27E01257ABA08258924DD271CED1A2623B94F088827652AA702CD71CDA51D3EA76630A9B8BA8FED9F303C9948BC94B9643E0D0949B857E202FDD84A4994E25EA168D32E11217C3A003C2D3B3909508E6C256DA0393123C96EEF74B7067BD8BA7B0D7B3DC35F1575D9F099CE2551226EEFDC5148862016F78B2A717A380463304F178824FCE679B514425DFF581BE16AA939C246BF5A2A3670F5AF1257D062585F85813347C0C8C6AD79FD3FCE552B367477FB2A77266F72F9D8E3D49D1CFEEB69BCCE55845C071A1DFD892E33233C926CC037AEDC86B8F73769C613BDAF5B575618F0F6FECCE8DE1539CEE3408F8DA33EABD7E15C1078F60109FDF1245E87CB03DF836DB601532761E00826A48F84AC07F764AD9BE5F08F60DCC8311EF5A2021B8E6096EF82A42FBCA122A7F43AC8F25DF7241E087110ECE37E333BB83D20E8FCEC8C6F673ED7493DC6CDF00E9D7787406655105B5C03E55DA05C7417E745791B95D1936883B7AAF5804AF13CBB5CBC6BE3A341B3D4C3FA0BDA4657CBCD2180651D690DDEFC91B4C88347D2385F58DE0F49F410AE4B1A1DD16BDEA451DAFBE51AA43F8B1A031C34AE216637816B89F92E6AAA0B78AF688B3B19E05AE34A88DA8377AB05DCC16D295AD1A24F5950801B2527CA56C0B7EB5C8B604951EBEAD7D600BF8CDB02F0CD9482F987E654AE7555BB1A2D6AB7257A6A03314A1592F0297E16C5B3296F54DD9C6E43FC9B4DAE31BE88A841C913438911204F832596802C2637078792EA0E489B5535A6D784E85E2FC022530AE6B029A89EB014ED6AB4A8DD1670290FE0952B07730BDFB614CC95AAD6B5DA3568517CC706629A2926E119BA37C5B3AC6A5AA751FDE680932589D252E5E45A2B3E99E1FA206F59D99E662B827D6EDE00F365845658B21B2B9CE2E90D28E1DC4E17812675609B44E6D91201BFA5EE2D594EE1E31E8AEA286F9B424DA8B8DD5740690F21B415AD485358F1CDCA8B8BFA01D4508F3B9B914530EE5C11E1B877A574A727F5BA062A2899A40CD6385CA87948AD55A0234A718D12EB639D552675FB644154562E39E17B2BF22DDF562A826FDC4681880E348E0C49BE18BB69488B4A438C509C6981DCB44252CB0EC0099E982F12218956D10712F40767418031910592D08B9FECCE0645418A911E90A119BDD74CC1C0B8BFFE589D9C8A311B225090598120356BC2EC03BB35079EB96F331363BDB9A3161A7F0996B15122E1E889C541BCD602D09AE2A0A2FDCF6982DD34421C7D8842B4052697882A2C2577E62CD9B83B3007969988A0802088A098748226CA8E470976982F4A81C09484DF7B1150B3A5AB271ED1C19DEB484F40306068398158F4C2D0514C41FB96078EF88F12F180546414EC91228A80062345192FCD9D151156203AA2CF7D0846A941AAC85E7D28D008422119AC034B29A626B268DF0219D66F01A220491D3855D4249A29EE4CA0E687F8594B24101D61014FC28142F680D2D18AF143AFA944270AF5828AFEA214124C49F8BD171189DE80EAC94A50B367544C468492F827A0F07463A6309B1DC2D39CE37E07F34D292C1935A0444F0233419D698C8F417037A228C15012B004F5A24FD0C8131EAAD5C0633EA98505D31217E8475446A0338B97300CE6461223FC2E5FDBE7E8AAF4BFC536AE0322793F2E9596CE9BF39EC525385466A851259C0506BD7316C849EB49742FDB709050FA13052B6EB1993279C2EBCAD044F02279382ADA4AD17C66EAFD9C0DBC35516F40F05F3D1E301DF747A8CB16B2632541F9DE18F3A59E1602021FE20984A3F768CFF3912474E3A5DD14A73F7A470C7551460D18F089993FA646448BF8A287C66EBFE66BA89E36FCA5078A5091BE84A5DAB7D47AB5D3C3565DBF42AADE9A514F4DDA6F97ABFAAECEF107FC6799E5D14BED9F15875F2F57BFEE71ED2DAAFFBA4515B05B129798668AD6D4D396B6CC7DFA9C35AF6B981E35459ACFC7617B8FF05C1695D1755EC6CFD1BAC49FD7A828E2F465B9F81C25FBCAAA6D9FD0E63EFDB02F77FB12B38CB64FC9775218D54B1D59FB972BAECF971F76D55F850F167037B17751A20FE95FF771B269FB7D1725EC63058844F504E827847FAFC7B25EB07F6F29FD92A59A848EE26B5F2E7D42DB5D8289151FD287E82BB2E9DB6F05FA077A89D6DFF1EFD5BA2E8789A8078216FBE56D1CBDE4D1B638D2E8EAE33F318637DB6F7FFE7FB716A718E7BB0200,	'6.2.0-61023')

INSERT [dbo].[Estado] ( [descripcion], [estado], [usuarioCreacion], [fechaCreacion], [usuarioModificacion], [fechaModificacion]) VALUES ( N'ABIERTO', 1, N'ADMINISTRADOR', CAST(N'2018-09-14T00:00:00.000' AS DateTime), NULL, NULL)
INSERT [dbo].[Estado] ( [descripcion], [estado], [usuarioCreacion], [fechaCreacion], [usuarioModificacion], [fechaModificacion]) VALUES ( N'PROCESO', 1, N'ADMINISTRADOR', CAST(N'2018-09-14T00:00:00.000' AS DateTime), NULL, NULL)
INSERT [dbo].[Estado] ( [descripcion], [estado], [usuarioCreacion], [fechaCreacion], [usuarioModificacion], [fechaModificacion]) VALUES ( N'APROBADO', 1, N'ADMINISTRADOR', CAST(N'2018-09-14T00:00:00.000' AS DateTime), NULL, NULL)
INSERT [dbo].[Estado] ( [descripcion], [estado], [usuarioCreacion], [fechaCreacion], [usuarioModificacion], [fechaModificacion]) VALUES ( N'CONCLUIDO', 1, N'ADMINISTRADOR', CAST(N'2018-09-14T00:00:00.000' AS DateTime), NULL, NULL)
INSERT [dbo].[Estado] ( [descripcion], [estado], [usuarioCreacion], [fechaCreacion], [usuarioModificacion], [fechaModificacion]) VALUES ( N'CERRADO', 1, N'ADMINISTRADOR', CAST(N'2018-09-14T00:00:00.000' AS DateTime), NULL, NULL)

INSERT [dbo].[Facultad] ([Nombre], [Estado], [FechaModificacion], [FechaCreacion], [UsuarioCreacion], [UsuarioModificacion]) VALUES (N'FACULTAD DE CIENCIAS FISICAS Y FORMALES', 1, NULL, CAST(N'2018-09-14T00:00:00.000' AS DateTime), N'ADMINISTRADOR', NULL)
INSERT [dbo].[Facultad] ([Nombre], [Estado], [FechaModificacion], [FechaCreacion], [UsuarioCreacion], [UsuarioModificacion]) VALUES (N'FACULTAD DE CIENCIAS CONTABLES Y FINANCIERAS', 1, NULL, CAST(N'2018-09-14T00:00:00.000' AS DateTime), N'ADMINISTRADOR', NULL)
INSERT [dbo].[Facultad] ([Nombre], [Estado], [FechaModificacion], [FechaCreacion], [UsuarioCreacion], [UsuarioModificacion]) VALUES (N'FACULTAD DE ARQUITECTURA E INGENIERIA CIVIL Y DEL AMBIENTE', 1, CAST(N'1900-01-01T00:00:00.000' AS DateTime), CAST(N'2018-09-01T00:00:00.000' AS DateTime), N'ADMINISTRADOR', NULL)
INSERT [dbo].[Facultad] ([Nombre], [Estado], [FechaModificacion], [FechaCreacion], [UsuarioCreacion], [UsuarioModificacion]) VALUES (N'FACULTAD DE CIENCIAS E INGENIERIAS BIOLÓGICAS Y QUÍMICAS', 1, NULL, CAST(N'2018-09-14T00:00:00.000' AS DateTime), N'ADMINISTRADOR', NULL)
INSERT [dbo].[Facultad] ([Nombre], [Estado], [FechaModificacion], [FechaCreacion], [UsuarioCreacion], [UsuarioModificacion]) VALUES (N'FACULTAD DE CIENCIAS ECONÓMICO ADMINISTRATIVAS', 1, NULL, CAST(N'2018-09-14T00:00:00.000' AS DateTime), N'ADMINISTRADOR', NULL)
INSERT [dbo].[Facultad] ([Nombre], [Estado], [FechaModificacion], [FechaCreacion], [UsuarioCreacion], [UsuarioModificacion]) VALUES (N'FACULTAD DE CIENCIAS FARMACÉUTICAS, BIOQUÍMICAS Y BIOTECNOLÓGICAS', 1, NULL, CAST(N'2018-09-14T00:00:00.000' AS DateTime), N'ADMINISTRADOR', NULL)

INSERT [dbo].[Escuela] ( [Nombre], [FacultadId], [Estado], [FechaModificacion], [FechaCreacion], [UsuarioCreacion], [UsuarioModificacion]) VALUES (N'ADMINISTRACIÓN DE EMPRESAS', 1, 1, NULL, CAST(N'2018-09-14T00:00:00.000' AS DateTime), N'ADMINISTRADOR', NULL)
INSERT [dbo].[Escuela] ( [Nombre], [FacultadId], [Estado], [FechaModificacion], [FechaCreacion], [UsuarioCreacion], [UsuarioModificacion]) VALUES (N'ARQUITECTURA', 1, 1, NULL, CAST(N'2018-09-14T00:00:00.000' AS DateTime), N'ADMINISTRADOR', NULL)
INSERT [dbo].[Escuela] ( [Nombre], [FacultadId], [Estado], [FechaModificacion], [FechaCreacion], [UsuarioCreacion], [UsuarioModificacion]) VALUES (N'CONTABILIDAD', 1, 1, NULL, CAST(N'2018-09-14T00:00:00.000' AS DateTime), N'ADMINISTRADOR', NULL)
INSERT [dbo].[Escuela] ( [Nombre], [FacultadId], [Estado], [FechaModificacion], [FechaCreacion], [UsuarioCreacion], [UsuarioModificacion]) VALUES (N'FARMACIA Y BIOQUÍMICA', 1, 1, NULL, CAST(N'2018-09-14T00:00:00.000' AS DateTime), N'ADMINISTRADOR', NULL)
INSERT [dbo].[Escuela] ( [Nombre], [FacultadId], [Estado], [FechaModificacion], [FechaCreacion], [UsuarioCreacion], [UsuarioModificacion]) VALUES (N'BIOTECNOLOGÍA', 1, 1, NULL, CAST(N'2018-09-14T00:00:00.000' AS DateTime), N'ADMINISTRADOR', NULL)
INSERT [dbo].[Escuela] ( [Nombre], [FacultadId], [Estado], [FechaModificacion], [FechaCreacion], [UsuarioCreacion], [UsuarioModificacion]) VALUES (N'INGENIERIA CIVIL', 1, 1, NULL, CAST(N'2018-09-14T00:00:00.000' AS DateTime), N'ADMINISTRADOR', NULL)
INSERT [dbo].[Escuela] ( [Nombre], [FacultadId], [Estado], [FechaModificacion], [FechaCreacion], [UsuarioCreacion], [UsuarioModificacion]) VALUES (N'INGENIERÍA COMERCIAL', 1, 1, NULL, CAST(N'2018-09-14T00:00:00.000' AS DateTime), N'ADMINISTRADOR', NULL)
INSERT [dbo].[Escuela] ( [Nombre], [FacultadId], [Estado], [FechaModificacion], [FechaCreacion], [UsuarioCreacion], [UsuarioModificacion]) VALUES (N'INGENIERIA DE SISTEMAS', 1, 1, NULL, CAST(N'2018-09-14T00:00:00.000' AS DateTime), N'ADMINISTRADOR', NULL)

INSERT [dbo].[Competencia] ([IdEscuelas], [Descripcion], [Estado], [UsuarioCreacion], [UsuarioModificacion], [FechaCreacion], [FechaModificacion]) VALUES (8, N'Identificar, comprender, formular y mejorar los procesos y sistemas organizacionales, aplicando principios de ingeniería para crear, desarrollar, evaluar e implementar sistemas, tecnologías de información y de conocimiento para la organización.', N'1', N'ADMINISTRADOR', N'ADMINISTRADOR', CAST(N'2019-03-09T00:00:00.000' AS DateTime), NULL)
INSERT [dbo].[Competencia] ([IdEscuelas], [Descripcion], [Estado], [UsuarioCreacion], [UsuarioModificacion], [FechaCreacion], [FechaModificacion]) VALUES (8, N'Evaluar las innovaciones tecnológicas y luego transferirlas a las organizaciones logrando ventaja competitiva. ', N'1', N'ADMINISTRADOR', N'ADMINISTRADOR', CAST(N'2019-03-09T00:00:00.000' AS DateTime), NULL)
INSERT [dbo].[Competencia] ([IdEscuelas], [Descripcion], [Estado], [UsuarioCreacion], [UsuarioModificacion], [FechaCreacion], [FechaModificacion]) VALUES (8, N'Planificar, analizar, diseñar, organizar, gestionar, evaluar técnica y económicamente la arquitectura de TIC empresariales para su implantación y/o mejora, alineada a los objetivos organizacionales. ', N'1', N'ADMINISTRADOR', NULL, CAST(N'2019-03-09T00:00:00.000' AS DateTime), NULL)
INSERT [dbo].[Competencia] ([IdEscuelas], [Descripcion], [Estado], [UsuarioCreacion], [UsuarioModificacion], [FechaCreacion], [FechaModificacion]) VALUES (8, N'Establecer políticas y procedimientos con el objetivo de asegurar la infraestructura de TIC empresariales, que garanticen la continuidad del negocio. ', N'1', N'ADMINISTRADOR', NULL, CAST(N'2019-03-09T00:00:00.000' AS DateTime), NULL)

INSERT [dbo].[PlanEstudio] ( [IdEscuela], [Estado], [FechaModificacion], [FechaCreacion], [UsuarioCreacion], [UsuarioModificacion]) VALUES (8, 1, NULL, CAST(N'2018-09-14T00:00:00.000' AS DateTime), N'ADMINISTRADOR', NULL)
INSERT [dbo].[PlanEstudio] ( [IdEscuela], [Estado], [FechaModificacion], [FechaCreacion], [UsuarioCreacion], [UsuarioModificacion]) VALUES (8, 1, NULL, CAST(N'2018-09-14T00:00:00.000' AS DateTime), N'ADMINISTRADOR', NULL)
INSERT [dbo].[PlanEstudio] ( [IdEscuela], [Estado], [FechaModificacion], [FechaCreacion], [UsuarioCreacion], [UsuarioModificacion]) VALUES (8, 1, NULL, CAST(N'2018-09-14T00:00:00.000' AS DateTime), N'ADMINISTRADOR', NULL)
INSERT [dbo].[PlanEstudio] ( [IdEscuela], [Estado], [FechaModificacion], [FechaCreacion], [UsuarioCreacion], [UsuarioModificacion]) VALUES (8, 1, NULL, CAST(N'2018-09-14T00:00:00.000' AS DateTime), N'ADMINISTRADOR', NULL)
INSERT [dbo].[PlanEstudio] ( [IdEscuela], [Estado], [FechaModificacion], [FechaCreacion], [UsuarioCreacion], [UsuarioModificacion]) VALUES (8, 1, NULL, CAST(N'2018-09-14T00:00:00.000' AS DateTime), N'ADMINISTRADOR', NULL)
INSERT [dbo].[PlanEstudio] ( [IdEscuela], [Estado], [FechaModificacion], [FechaCreacion], [UsuarioCreacion], [UsuarioModificacion]) VALUES (8, 1, NULL, CAST(N'2018-09-14T00:00:00.000' AS DateTime), N'ADMINISTRADOR', NULL)
INSERT [dbo].[PlanEstudio] ( [IdEscuela], [Estado], [FechaModificacion], [FechaCreacion], [UsuarioCreacion], [UsuarioModificacion]) VALUES (8, 1, NULL, CAST(N'2018-09-14T00:00:00.000' AS DateTime), N'ADMINISTRADOR', NULL)
INSERT [dbo].[PlanEstudio] ( [IdEscuela], [Estado], [FechaModificacion], [FechaCreacion], [UsuarioCreacion], [UsuarioModificacion]) VALUES (8, 1, NULL, CAST(N'2018-09-01T00:00:00.000' AS DateTime), N'ADMINISTRADOR', NULL)

INSERT [dbo].[Departamento] ( [Nombre], [FacultadId], [Estado], [FechaModificacion], [FechaCreacion], [UsuarioCreacion], [UsuarioModificacion]) VALUES ( N'CIENCIAS FISICAS Y FORMALES', 1, 1, CAST(N'2018-10-28T00:00:00.000' AS DateTime), CAST(N'2018-10-28T00:00:00.000' AS DateTime), N'ADMINISTRADOR', NULL)
INSERT [dbo].[Departamento] ( [Nombre], [FacultadId], [Estado], [FechaModificacion], [FechaCreacion], [UsuarioCreacion], [UsuarioModificacion]) VALUES ( N'CIENCIAS CONTABLES Y FINANCIERAS', 1, 1, CAST(N'2018-10-28T00:00:00.000' AS DateTime), CAST(N'2018-10-28T00:00:00.000' AS DateTime), N'ADMINISTRADOR', NULL)
INSERT [dbo].[Departamento] ( [Nombre], [FacultadId], [Estado], [FechaModificacion], [FechaCreacion], [UsuarioCreacion], [UsuarioModificacion]) VALUES ( N'ARQUITECTURA E INGENIERIA CIVIL Y DEL AMBIENTE ', 1, 1, CAST(N'2018-10-28T00:00:00.000' AS DateTime), CAST(N'2018-10-28T00:00:00.000' AS DateTime), N'ADMINISTRADOR', NULL)
INSERT [dbo].[Departamento] ( [Nombre], [FacultadId], [Estado], [FechaModificacion], [FechaCreacion], [UsuarioCreacion], [UsuarioModificacion]) VALUES ( N'CIENCIAS E INGENIERIAS BIOLÓGICAS Y QUÍMICAS', 1, 1, CAST(N'2018-10-28T00:00:00.000' AS DateTime), CAST(N'2018-10-28T00:00:00.000' AS DateTime), N'ADMINISTRADOR', NULL)
INSERT [dbo].[Departamento] ( [Nombre], [FacultadId], [Estado], [FechaModificacion], [FechaCreacion], [UsuarioCreacion], [UsuarioModificacion]) VALUES ( N'CIENCIAS ECONÓMICO ADMINISTRATIVA', 1, 1, CAST(N'2018-10-28T00:00:00.000' AS DateTime), CAST(N'2018-10-28T00:00:00.000' AS DateTime), N'ADMINISTRADOR', NULL)
INSERT [dbo].[Departamento] ( [Nombre], [FacultadId], [Estado], [FechaModificacion], [FechaCreacion], [UsuarioCreacion], [UsuarioModificacion]) VALUES ( N'FACULTAD DE CIENCIAS FARMACÉUTICAS, BIOQUÍMICAS Y BIOTECNOLÓGICAS', 1, 1, CAST(N'2018-10-28T00:00:00.000' AS DateTime), CAST(N'2018-10-28T00:00:00.000' AS DateTime), N'ADMINISTRADOR', NULL)

INSERT [dbo].[Asignatura] ( [Nombre], [Codigo], [Semestre], [HorasSemanalesTeoricas], [HorasSemanalesPracticaAula], [HorasSemanalesPracticaJefe], [HorasSemanalesVirtuales], [HorasSemestralesTeorica], [HorasSemestralesPractica], [HorasSemestralesVirtuales], [Creditos], [IdPlanEstudio], [IdDepartamento], [Estado], [FechaModificacion], [FechaCreacion], [UsuarioCreacion], [UsuarioModificacion]) VALUES ( N'DISEÑO DE SOFTWARE A BAJO NIVEL', N'CURSO01', 5, 4, 4, 4, 4, 40, 40, 40, 5, 1, 1, 1, NULL, CAST(N'2018-09-14T00:00:00.000' AS DateTime), N'ADMINISTRADOR', NULL)
INSERT [dbo].[Asignatura] ( [Nombre], [Codigo], [Semestre], [HorasSemanalesTeoricas], [HorasSemanalesPracticaAula], [HorasSemanalesPracticaJefe], [HorasSemanalesVirtuales], [HorasSemestralesTeorica], [HorasSemestralesPractica], [HorasSemestralesVirtuales], [Creditos], [IdPlanEstudio], [IdDepartamento], [Estado], [FechaModificacion], [FechaCreacion], [UsuarioCreacion], [UsuarioModificacion]) VALUES ( N'DIBUJO ARQUITECTÓNICO', N'CURSO02', 2, 5, 5, 5, 5, 60, 60, 60, 6, 1, 1, 1, NULL, CAST(N'2018-09-14T00:00:00.000' AS DateTime), N'ADMINISTRADOR', NULL)
INSERT [dbo].[Asignatura] ( [Nombre], [Codigo], [Semestre], [HorasSemanalesTeoricas], [HorasSemanalesPracticaAula], [HorasSemanalesPracticaJefe], [HorasSemanalesVirtuales], [HorasSemestralesTeorica], [HorasSemestralesPractica], [HorasSemestralesVirtuales], [Creditos], [IdPlanEstudio], [IdDepartamento], [Estado], [FechaModificacion], [FechaCreacion], [UsuarioCreacion], [UsuarioModificacion]) VALUES ( N'PROYECTOS ARQUITECTONICOS', N'CURSO03', 3, 5, 5, 5, 5, 70, 70, 80, 3, 1, 1, 1, NULL, CAST(N'2018-09-14T00:00:00.000' AS DateTime), N'ADMINISTRADOR', NULL)
INSERT [dbo].[Asignatura] ( [Nombre], [Codigo], [Semestre], [HorasSemanalesTeoricas], [HorasSemanalesPracticaAula], [HorasSemanalesPracticaJefe], [HorasSemanalesVirtuales], [HorasSemestralesTeorica], [HorasSemestralesPractica], [HorasSemestralesVirtuales], [Creditos], [IdPlanEstudio], [IdDepartamento], [Estado], [FechaModificacion], [FechaCreacion], [UsuarioCreacion], [UsuarioModificacion]) VALUES ( N'HISTÓRIA DE LA ARQUITECTURA', N'CURSO04', 3, 5, 5, 5, 5, 80, 80, 80, 4, 1, 1, 1, NULL, CAST(N'2018-09-14T00:00:00.000' AS DateTime), N'ADMINISTRADOR', NULL)
INSERT [dbo].[Asignatura] ( [Nombre], [Codigo], [Semestre], [HorasSemanalesTeoricas], [HorasSemanalesPracticaAula], [HorasSemanalesPracticaJefe], [HorasSemanalesVirtuales], [HorasSemestralesTeorica], [HorasSemestralesPractica], [HorasSemestralesVirtuales], [Creditos], [IdPlanEstudio], [IdDepartamento], [Estado], [FechaModificacion], [FechaCreacion], [UsuarioCreacion], [UsuarioModificacion]) VALUES ( N'SISTEMAS ESTRUCTURALES', N'CURSO05', 4, 6, 6, 6, 6, 60, 60, 60, 4, 1, 1, 1, NULL, CAST(N'2018-09-14T00:00:00.000' AS DateTime), N'ADMINISTRADOR', NULL)
INSERT [dbo].[Asignatura] ( [Nombre], [Codigo], [Semestre], [HorasSemanalesTeoricas], [HorasSemanalesPracticaAula], [HorasSemanalesPracticaJefe], [HorasSemanalesVirtuales], [HorasSemestralesTeorica], [HorasSemestralesPractica], [HorasSemestralesVirtuales], [Creditos], [IdPlanEstudio], [IdDepartamento], [Estado], [FechaModificacion], [FechaCreacion], [UsuarioCreacion], [UsuarioModificacion]) VALUES ( N'PROCESOS CONSTRUCTIVOS', N'CURSO06', 4, 3, 3, 3, 3, 30, 30, 30, 4, 1, 1, 1, NULL, CAST(N'2018-09-14T00:00:00.000' AS DateTime), N'ADMINISTRADOR', NULL)
INSERT [dbo].[Asignatura] ( [Nombre], [Codigo], [Semestre], [HorasSemanalesTeoricas], [HorasSemanalesPracticaAula], [HorasSemanalesPracticaJefe], [HorasSemanalesVirtuales], [HorasSemestralesTeorica], [HorasSemestralesPractica], [HorasSemestralesVirtuales], [Creditos], [IdPlanEstudio], [IdDepartamento], [Estado], [FechaModificacion], [FechaCreacion], [UsuarioCreacion], [UsuarioModificacion]) VALUES ( N'INTRODUCCION A LA INGENIERIA DE SISTEMAS', N'CURSO07', 1, 5, 6, 5, 6, 60, 60, 60, 4, 1, 1, 1, NULL, CAST(N'2018-09-14T00:00:00.000' AS DateTime), N'ADMINISTRADOR', NULL)
INSERT [dbo].[Asignatura] ( [Nombre], [Codigo], [Semestre], [HorasSemanalesTeoricas], [HorasSemanalesPracticaAula], [HorasSemanalesPracticaJefe], [HorasSemanalesVirtuales], [HorasSemestralesTeorica], [HorasSemestralesPractica], [HorasSemestralesVirtuales], [Creditos], [IdPlanEstudio], [IdDepartamento], [Estado], [FechaModificacion], [FechaCreacion], [UsuarioCreacion], [UsuarioModificacion]) VALUES ( N'LENGUAJES DE PROGRAMACIÓN 1', N'CURSO08', 2, 4, 4, 4, 4, 40, 40, 40, 5, 1, 1, 1, NULL, CAST(N'2018-09-14T00:00:00.000' AS DateTime), N'ADMINISTRADOR', NULL)
INSERT [dbo].[Asignatura] ( [Nombre], [Codigo], [Semestre], [HorasSemanalesTeoricas], [HorasSemanalesPracticaAula], [HorasSemanalesPracticaJefe], [HorasSemanalesVirtuales], [HorasSemestralesTeorica], [HorasSemestralesPractica], [HorasSemestralesVirtuales], [Creditos], [IdPlanEstudio], [IdDepartamento], [Estado], [FechaModificacion], [FechaCreacion], [UsuarioCreacion], [UsuarioModificacion]) VALUES ( N'ESTRUCTURAS DISCRETAS', N'CURSO09', 2, 5, 5, 5, 5, 50, 50, 50, 6, 1, 1, 1, NULL, CAST(N'2018-09-14T00:00:00.000' AS DateTime), N'ADMINISTRADOR', NULL)
INSERT [dbo].[Asignatura] ( [Nombre], [Codigo], [Semestre], [HorasSemanalesTeoricas], [HorasSemanalesPracticaAula], [HorasSemanalesPracticaJefe], [HorasSemanalesVirtuales], [HorasSemestralesTeorica], [HorasSemestralesPractica], [HorasSemestralesVirtuales], [Creditos], [IdPlanEstudio], [IdDepartamento], [Estado], [FechaModificacion], [FechaCreacion], [UsuarioCreacion], [UsuarioModificacion]) VALUES ( N'COMPUTACIÓN EN RED II', N'CURSO10', 3, 6, 6, 6, 6, 60, 60, 60, 4, 1, 1, 1, NULL, CAST(N'2018-09-14T00:00:00.000' AS DateTime), N'ADMINISTRADOR', NULL)


INSERT [dbo].[PlanFuncionamiento] ( [Anio], [Semestre], [Estado], [FechaModificacion], [FechaCreacion], [UsuarioCreacion], [UsuarioModificacion]) VALUES ( CAST(N'2018-09-14T00:00:00.000' AS DateTime), N'6', 1, NULL, CAST(N'2018-09-14T00:00:00.000' AS DateTime), N'ADMINISTRADOR', NULL)
INSERT [dbo].[PlanFuncionamiento] ( [Anio], [Semestre], [Estado], [FechaModificacion], [FechaCreacion], [UsuarioCreacion], [UsuarioModificacion]) VALUES ( CAST(N'2018-09-14T00:00:00.000' AS DateTime), N'5', 1, NULL, CAST(N'2018-09-14T00:00:00.000' AS DateTime), N'ADMINISTRADOR', NULL)
INSERT [dbo].[PlanFuncionamiento] ( [Anio], [Semestre], [Estado], [FechaModificacion], [FechaCreacion], [UsuarioCreacion], [UsuarioModificacion]) VALUES ( CAST(N'2018-09-14T00:00:00.000' AS DateTime), N'3', 1, NULL, CAST(N'2018-09-14T00:00:00.000' AS DateTime), N'ADMINISTRADOR', NULL)
INSERT [dbo].[PlanFuncionamiento] ( [Anio], [Semestre], [Estado], [FechaModificacion], [FechaCreacion], [UsuarioCreacion], [UsuarioModificacion]) VALUES ( CAST(N'2018-09-14T00:00:00.000' AS DateTime), N'2', 1, NULL, CAST(N'2018-09-14T00:00:00.000' AS DateTime), N'ADMINISTRADOR', NULL)
INSERT [dbo].[PlanFuncionamiento] ( [Anio], [Semestre], [Estado], [FechaModificacion], [FechaCreacion], [UsuarioCreacion], [UsuarioModificacion]) VALUES ( CAST(N'2018-09-14T00:00:00.000' AS DateTime), N'4', 1, NULL, CAST(N'2018-09-14T00:00:00.000' AS DateTime), N'ADMINISTRADOR', NULL)
INSERT [dbo].[PlanFuncionamiento] ( [Anio], [Semestre], [Estado], [FechaModificacion], [FechaCreacion], [UsuarioCreacion], [UsuarioModificacion]) VALUES ( CAST(N'2018-09-14T00:00:00.000' AS DateTime), N'1', 1, NULL, CAST(N'2018-09-14T00:00:00.000' AS DateTime), N'ADMINISTRADOR', NULL)

INSERT [dbo].[Silabo] ( [IdPlanFuncionamiento], [IdAsignatura], [Sumilla], [AmbienteTeoria], [AmbientePractica],   [AnioAcademico], [FechaModificacion], [FechaCreacion], [UsuarioCreacion], [UsuarioModificacion], [SelectedSilaboFase],estado) VALUES ( 1, 1, N'SUMILLA1', NULL, NULL,   2018, NULL, CAST(N'2018-09-14T00:00:00.000' AS DateTime), N'ADMINISTRADOR', NULL, 0,1)
INSERT [dbo].[Silabo] ( [IdPlanFuncionamiento], [IdAsignatura], [Sumilla], [AmbienteTeoria], [AmbientePractica],   [AnioAcademico], [FechaModificacion], [FechaCreacion], [UsuarioCreacion], [UsuarioModificacion], [SelectedSilaboFase],estado) VALUES ( 1, 1, N'SUMILLA2', NULL, NULL,   2018, NULL, CAST(N'2018-09-14T00:00:00.000' AS DateTime), N'ADMINISTRADOR', NULL, 0,1)
INSERT [dbo].[Silabo] ( [IdPlanFuncionamiento], [IdAsignatura], [Sumilla], [AmbienteTeoria], [AmbientePractica],   [AnioAcademico], [FechaModificacion], [FechaCreacion], [UsuarioCreacion], [UsuarioModificacion], [SelectedSilaboFase],estado) VALUES ( 1, 1, N'SUMILLA3', NULL, NULL,   2018, NULL, CAST(N'2018-09-14T00:00:00.000' AS DateTime), N'ADMINISTRADOR', NULL, 0,1)
INSERT [dbo].[Silabo] ( [IdPlanFuncionamiento], [IdAsignatura], [Sumilla], [AmbienteTeoria], [AmbientePractica],   [AnioAcademico], [FechaModificacion], [FechaCreacion], [UsuarioCreacion], [UsuarioModificacion], [SelectedSilaboFase],estado) VALUES ( 1, 1, N'SUMILLA4', NULL, NULL,   2018, NULL, CAST(N'2018-09-14T00:00:00.000' AS DateTime), N'ADMINISTRADOR', NULL, 0,1)
INSERT [dbo].[Silabo] ( [IdPlanFuncionamiento], [IdAsignatura], [Sumilla], [AmbienteTeoria], [AmbientePractica],   [AnioAcademico], [FechaModificacion], [FechaCreacion], [UsuarioCreacion], [UsuarioModificacion], [SelectedSilaboFase],estado) VALUES ( 1, 1, N'SUMILLA5', NULL, NULL,   2018, NULL, CAST(N'2018-09-14T00:00:00.000' AS DateTime), N'ADMINISTRADOR', NULL, 0,1)
INSERT [dbo].[Silabo] ( [IdPlanFuncionamiento], [IdAsignatura], [Sumilla], [AmbienteTeoria], [AmbientePractica],   [AnioAcademico], [FechaModificacion], [FechaCreacion], [UsuarioCreacion], [UsuarioModificacion], [SelectedSilaboFase],estado) VALUES ( 1, 1, N'SUMILLA6', NULL, NULL,   2018, NULL, CAST(N'2018-09-14T00:00:00.000' AS DateTime), N'ADMINISTRADOR', NULL, 0,1)
INSERT [dbo].[Silabo] ( [IdPlanFuncionamiento], [IdAsignatura], [Sumilla], [AmbienteTeoria], [AmbientePractica],   [AnioAcademico], [FechaModificacion], [FechaCreacion], [UsuarioCreacion], [UsuarioModificacion], [SelectedSilaboFase],estado) VALUES ( 1, 1, N'SUMILLA7', NULL, NULL,   2018, NULL, CAST(N'2018-09-14T00:00:00.000' AS DateTime), N'ADMINISTRADOR', NULL, 0,1)
INSERT [dbo].[Silabo] ( [IdPlanFuncionamiento], [IdAsignatura], [Sumilla], [AmbienteTeoria], [AmbientePractica],   [AnioAcademico], [FechaModificacion], [FechaCreacion], [UsuarioCreacion], [UsuarioModificacion], [SelectedSilaboFase],estado) VALUES ( 1, 1, N'SUMILLA8', NULL, NULL,   2018, NULL, CAST(N'2018-09-14T00:00:00.000' AS DateTime), N'ADMINISTRADOR', NULL, 0,1)

INSERT [dbo].[Fase] ( [Nombre], [Estado], [FechaInicio], [FechaFin], [UsuarioCreacion], [UsuarioModificacion], [FechaCreacion], [FechaModificacion]) VALUES (N'INTRODUCCIÓN Y CONSTRUCCIÓN DETALLADA DE SOFTWARE', 1, CAST(N'2019-03-10T00:00:00.000' AS DateTime), CAST(N'2019-03-10T00:00:00.000' AS DateTime), N'ADMINISTRADOR', NULL, CAST(N'2019-03-10T00:00:00.000' AS DateTime), NULL)
INSERT [dbo].[Fase] ( [Nombre], [Estado], [FechaInicio], [FechaFin], [UsuarioCreacion], [UsuarioModificacion], [FechaCreacion], [FechaModificacion]) VALUES (N'PATRONES DE DISEÑO DE BAJO NIVEL Y ESTRATEGIA DE REFACTORING', 1, CAST(N'2019-03-10T00:00:00.000' AS DateTime), CAST(N'2019-03-10T00:00:00.000' AS DateTime), N'ADMINISTRADOR', NULL, CAST(N'2019-03-10T00:00:00.000' AS DateTime), NULL)
INSERT [dbo].[Fase] ( [Nombre], [Estado], [FechaInicio], [FechaFin], [UsuarioCreacion], [UsuarioModificacion], [FechaCreacion], [FechaModificacion]) VALUES (N'INGENIERÍA INVERSA Y MEJORAS AL SOFWARE', 1, CAST(N'2019-03-10T00:00:00.000' AS DateTime), CAST(N'2019-03-10T00:00:00.000' AS DateTime), N'ADMINISTRADOR', NULL, CAST(N'2019-03-10T00:00:00.000' AS DateTime), NULL)

INSERT [dbo].[SilaboFase] ([IdFase], [IdSilabo], [Titulo], [HoraFase], [FechaInicio], [FechaFin], [Estado], [UsuarioCreacion], [UsuarioModificacion], [FechaCreacion], [FechaModificacion]) VALUES (1, 6, N'INTRODUCCIÓN Y CONSTRUCCIÓN DETALLADA DE SOFTWARE', 36, CAST(N'2019-06-10T00:00:00.000' AS DateTime), CAST(N'2019-12-10T00:00:00.000' AS DateTime), 1, N'ADMINISTRADOR', NULL, CAST(N'2019-05-10T00:00:00.000' AS DateTime), NULL)
INSERT [dbo].[SilaboFase] ([IdFase], [IdSilabo], [Titulo], [HoraFase], [FechaInicio], [FechaFin], [Estado], [UsuarioCreacion], [UsuarioModificacion], [FechaCreacion], [FechaModificacion]) VALUES (2, 6, N'PATRONES DE DISEÑO DE BAJO NIVEL Y ESTRATEGIA DE REFACTORING', 30, CAST(N'2019-06-10T00:00:00.000' AS DateTime), CAST(N'2019-12-10T00:00:00.000' AS DateTime), 1, N'ADMINISTRADOR', NULL, CAST(N'2019-05-10T00:00:00.000' AS DateTime), NULL)
INSERT [dbo].[SilaboFase] ([IdFase], [IdSilabo], [Titulo], [HoraFase], [FechaInicio], [FechaFin], [Estado], [UsuarioCreacion], [UsuarioModificacion], [FechaCreacion], [FechaModificacion]) VALUES (3, 6, N'INGENIERÍA INVERSA Y MEJORAS AL SOFWARE', 42, CAST(N'2019-06-10T00:00:00.000' AS DateTime), CAST(N'2019-12-10T00:00:00.000' AS DateTime), 1, N'ADMINISTRADOR', NULL, CAST(N'2019-05-10T00:00:00.000' AS DateTime), NULL)


INSERT [dbo].[AsignaturaCompetencia] ([IdCompetencia], [IdAsignatura], [IdSilaboFase], [Estado], [UsuarioCreacion], [UsuarioModificacion], [FechaCreacion], [FechaModificacion]) VALUES (1, 4, 2, 1, N'ADMINISTRADOR', NULL, CAST(N'2019-03-20T00:00:00.000' AS DateTime), NULL)
INSERT [dbo].[AsignaturaCompetencia] ([IdCompetencia], [IdAsignatura], [IdSilaboFase], [Estado], [UsuarioCreacion], [UsuarioModificacion], [FechaCreacion], [FechaModificacion]) VALUES (1, 4, 3, 1, N'ADMINISTRADOR', NULL, CAST(N'2019-03-20T00:00:00.000' AS DateTime), NULL)
INSERT [dbo].[AsignaturaCompetencia] ([IdCompetencia], [IdAsignatura], [IdSilaboFase], [Estado], [UsuarioCreacion], [UsuarioModificacion], [FechaCreacion], [FechaModificacion]) VALUES (1, 4, 3, 1, N'ADMINISTRADOR', NULL, CAST(N'2019-03-20T00:00:00.000' AS DateTime), NULL)




--INSERT [dbo].[TipoDocentes] ([Id], [Descripcion], [Estado], [UsuarioCreacion], [FechaCreacion], [UsuarioModificacion], [FechaModificacion]) VALUES (1, N'ADMINISTRADOR', 1, N'ADMINISTRADOR', CAST(N'2018-09-14T00:00:00.000' AS DateTime), NULL, NULL)
--INSERT [dbo].[TipoDocentes] ([Id], [Descripcion], [Estado], [UsuarioCreacion], [FechaCreacion], [UsuarioModificacion], [FechaModificacion]) VALUES (2, N'JEFE DE DEPARTAMENTO', 1, N'ADMINISTRADOR', CAST(N'2018-09-14T00:00:00.000' AS DateTime), NULL, NULL)
--INSERT [dbo].[TipoDocentes] ([Id], [Descripcion], [Estado], [UsuarioCreacion], [FechaCreacion], [UsuarioModificacion], [FechaModificacion]) VALUES (3, N'DOCENTE', 1, N'ADMINISTRADOR', CAST(N'2018-09-14T00:00:00.000' AS DateTime), NULL, NULL)




--SET IDENTITY_INSERT [dbo].[Competencias] OFF
--SET IDENTITY_INSERT [dbo].[Criterios] ON 

--INSERT [dbo].[Criterios] ([Id], [Nombre], [Estado], [UsuarioCreacion], [UsuarioModificacion], [FechaCreacion], [FechaModificacion]) VALUES (1, N'PREGUNTAS OBJETIVAS DE SELECCIÓN V/F REFORZANDO LOS CONCEPTOS BÁSICOS', 1, N'ADMINISTRADOR', NULL, CAST(N'2019-03-23T00:00:00.000' AS DateTime), NULL)
--INSERT [dbo].[Criterios] ([Id], [Nombre], [Estado], [UsuarioCreacion], [UsuarioModificacion], [FechaCreacion], [FechaModificacion]) VALUES (2, N'PRESENTACIÓN DE CASOS DE ESTUDIO', 1, N'ADMINISTRADOR', NULL, CAST(N'2019-03-23T00:00:00.000' AS DateTime), NULL)
--INSERT [dbo].[Criterios] ([Id], [Nombre], [Estado], [UsuarioCreacion], [UsuarioModificacion], [FechaCreacion], [FechaModificacion]) VALUES (3, N'GRADO DE DIFICULTAD DEL EJERCICIO', 1, N'ADMINISTRADOR', NULL, CAST(N'2019-03-23T00:00:00.000' AS DateTime), NULL)
--INSERT [dbo].[Criterios] ([Id], [Nombre], [Estado], [UsuarioCreacion], [UsuarioModificacion], [FechaCreacion], [FechaModificacion]) VALUES (4, N'SOLUCIONES DE ACUERDO A LAS ESPECIFICACIONES PROCEDIMENTALES', 1, N'ADMINISTRADOR', NULL, CAST(N'2019-03-23T00:00:00.000' AS DateTime), NULL)
--INSERT [dbo].[Criterios] ([Id], [Nombre], [Estado], [UsuarioCreacion], [UsuarioModificacion], [FechaCreacion], [FechaModificacion]) VALUES (5, N'ASISTENCIA Y PUNTUALIDAD', 1, N'ADMINISTRADOR', NULL, CAST(N'2019-03-23T00:00:00.000' AS DateTime), NULL)
--INSERT [dbo].[Criterios] ([Id], [Nombre], [Estado], [UsuarioCreacion], [UsuarioModificacion], [FechaCreacion], [FechaModificacion]) VALUES (6, N'80% MÍNIMO DE ASISTENCIA AL LABORATORIO', 1, N'ADMINISTRADOR', NULL, CAST(N'2019-03-23T00:00:00.000' AS DateTime), NULL)
--INSERT [dbo].[Criterios] ([Id], [Nombre], [Estado], [UsuarioCreacion], [UsuarioModificacion], [FechaCreacion], [FechaModificacion]) VALUES (7, N'ENTREGA OPORTUNA DE TRABAJOS', 1, N'ADMINISTRADOR', NULL, CAST(N'2019-03-23T00:00:00.000' AS DateTime), NULL)
--INSERT [dbo].[Criterios] ([Id], [Nombre], [Estado], [UsuarioCreacion], [UsuarioModificacion], [FechaCreacion], [FechaModificacion]) VALUES (8, N'ACTITUD PERSONAL', 1, N'ADMINISTRADOR', NULL, CAST(N'2019-03-23T00:00:00.000' AS DateTime), NULL)
--INSERT [dbo].[Criterios] ([Id], [Nombre], [Estado], [UsuarioCreacion], [UsuarioModificacion], [FechaCreacion], [FechaModificacion]) VALUES (9, N'EFICIENCIA EN LA RESOLUCIÓN', 1, N'ADMINISTRADOR', NULL, CAST(N'2019-03-23T00:00:00.000' AS DateTime), NULL)
--INSERT [dbo].[Criterios] ([Id], [Nombre], [Estado], [UsuarioCreacion], [UsuarioModificacion], [FechaCreacion], [FechaModificacion]) VALUES (10, N'PRESENTACUÓN TOPOLOGIAS', 1, N'ADMINISTRADOR', NULL, CAST(N'2019-03-23T00:00:00.000' AS DateTime), NULL)
--SET IDENTITY_INSERT [dbo].[Criterios] OFF
--SET IDENTITY_INSERT [dbo].[Departamentos] ON 

--INSERT [dbo].[Divisiones] ([Id], [Titulo], [Estado], [FechaCreacion], [UsuarioCreacion], [UsuarioModificacion], [FechaModificacion]) VALUES (1, N'IDENTIFICACIÓN ACADÉMICA', 1, CAST(N'2019-03-10T00:00:00.000' AS DateTime), N'ADMINISTRADOR', NULL, NULL)
--INSERT [dbo].[Divisiones] ([Id], [Titulo], [Estado], [FechaCreacion], [UsuarioCreacion], [UsuarioModificacion], [FechaModificacion]) VALUES (2, N'SUMILLA', 1, CAST(N'2019-03-10T00:00:00.000' AS DateTime), N'ADMINISTRADOR', NULL, NULL)
--INSERT [dbo].[Divisiones] ([Id], [Titulo], [Estado], [FechaCreacion], [UsuarioCreacion], [UsuarioModificacion], [FechaModificacion]) VALUES (3, N'COMPETENCIA DE LA ASIGNATURA QUE APOYAN AL PERFIL DE EGRESO', 1, CAST(N'2019-03-10T00:00:00.000' AS DateTime), N'ADMINISTRADOR', NULL, NULL)
--INSERT [dbo].[Divisiones] ([Id], [Titulo], [Estado], [FechaCreacion], [UsuarioCreacion], [UsuarioModificacion], [FechaModificacion]) VALUES (5, N'CONTENIDOS BÁSICOS POR UNIDADES DE APRENDIZAJE', 1, CAST(N'2019-03-10T00:00:00.000' AS DateTime), N'ADMINISTRADOR', NULL, NULL)
--INSERT [dbo].[Divisiones] ([Id], [Titulo], [Estado], [FechaCreacion], [UsuarioCreacion], [UsuarioModificacion], [FechaModificacion]) VALUES (6, N'EVALUACIÓN DE COMPETENCIAS ADQUIRIDAS', 1, CAST(N'2019-03-10T00:00:00.000' AS DateTime), N'ADMINISTRADOR', NULL, NULL)
--INSERT [dbo].[Divisiones] ([Id], [Titulo], [Estado], [FechaCreacion], [UsuarioCreacion], [UsuarioModificacion], [FechaModificacion]) VALUES (7, N'BIBLIOGRAFÍA', 1, CAST(N'2019-03-10T00:00:00.000' AS DateTime), N'ADMINISTRADOR', NULL, NULL)
--SET IDENTITY_INSERT [dbo].[Divisiones] OFF
--SET IDENTITY_INSERT [dbo].[Docentes] ON 

--INSERT [dbo].[Docentes] ([Id], [Codigo], [ApellidoPaterno], [ApellidoMaterno], [Nombres], [IdTipoDocentes], [Estado], [FechaModificacion], [FechaCreacion], [UsuarioCreacion], [UsuarioModificacion]) VALUES (1, N'DOC01', N'CASTILLO', N'ZUÑIGA', N'FRANK', 3, 1, NULL, CAST(N'2018-09-14T00:00:00.000' AS DateTime), N'ADMINISTRADOR', NULL)
--INSERT [dbo].[Docentes] ([Id], [Codigo], [ApellidoPaterno], [ApellidoMaterno], [Nombres], [IdTipoDocentes], [Estado], [FechaModificacion], [FechaCreacion], [UsuarioCreacion], [UsuarioModificacion]) VALUES (2, N'DOC02', N'LLAMOSA', N'LAZO', N'BRAYAN', 3, 1, NULL, CAST(N'2018-09-14T00:00:00.000' AS DateTime), N'ADMINISTRADOR', NULL)
--INSERT [dbo].[Docentes] ([Id], [Codigo], [ApellidoPaterno], [ApellidoMaterno], [Nombres], [IdTipoDocentes], [Estado], [FechaModificacion], [FechaCreacion], [UsuarioCreacion], [UsuarioModificacion]) VALUES (4, N'DOC03', N'QUISPE', N'RUELAS', N'FREDY(5K)', 3, 1, NULL, CAST(N'2018-09-14T00:00:00.000' AS DateTime), N'ADMINISTRADOR', NULL)
--INSERT [dbo].[Docentes] ([Id], [Codigo], [ApellidoPaterno], [ApellidoMaterno], [Nombres], [IdTipoDocentes], [Estado], [FechaModificacion], [FechaCreacion], [UsuarioCreacion], [UsuarioModificacion]) VALUES (5, N'DOC04', N'HURTADO', N'QUENAYA', N'ALBERTO', 3, 1, NULL, CAST(N'2018-09-14T00:00:00.000' AS DateTime), N'ADMINISTRADOR', NULL)
--SET IDENTITY_INSERT [dbo].[Docentes] OFF
--SET IDENTITY_INSERT [dbo].[Escuelas] ON 

--INSERT [dbo].[Estrategias] ([Id], [Nombre], [Estado], [UsuarioCreacion], [UsuarioModificacion], [FechaCreacion], [FechaModificacion]) VALUES (1, N'CLASE MAGISTRAL', 1, N'ADMINISTRADOR', NULL, CAST(N'2019-03-23T00:00:00.000' AS DateTime), NULL)
--INSERT [dbo].[Estrategias] ([Id], [Nombre], [Estado], [UsuarioCreacion], [UsuarioModificacion], [FechaCreacion], [FechaModificacion]) VALUES (2, N'ESTUDIO DE CASOS', 1, N'ADMINISTRADOR', NULL, CAST(N'2019-03-23T00:00:00.000' AS DateTime), NULL)
--INSERT [dbo].[Estrategias] ([Id], [Nombre], [Estado], [UsuarioCreacion], [UsuarioModificacion], [FechaCreacion], [FechaModificacion]) VALUES (3, N'RESOLUCIÓN DE EJERCICIOS PRÁCTICOS', 1, N'ADMINISTRADOR', NULL, CAST(N'2019-03-23T00:00:00.000' AS DateTime), NULL)
--INSERT [dbo].[Estrategias] ([Id], [Nombre], [Estado], [UsuarioCreacion], [UsuarioModificacion], [FechaCreacion], [FechaModificacion]) VALUES (4, N'DESARROLLO DE PRÁCTICAS LABORATORIO', 1, N'ADMINISTRADOR', NULL, CAST(N'2019-03-23T00:00:00.000' AS DateTime), NULL)
--INSERT [dbo].[Estrategias] ([Id], [Nombre], [Estado], [UsuarioCreacion], [UsuarioModificacion], [FechaCreacion], [FechaModificacion]) VALUES (5, N'GUÍAS DE PRÁCTICAS', 1, N'ADMINISTRADOR', NULL, CAST(N'2019-03-23T00:00:00.000' AS DateTime), NULL)
--INSERT [dbo].[Estrategias] ([Id], [Nombre], [Estado], [UsuarioCreacion], [UsuarioModificacion], [FechaCreacion], [FechaModificacion]) VALUES (7, N'DIRECCIÓN Y ORIENTACIÓN DE DOCENTE', 1, N'ADMINISTRADOR', NULL, CAST(N'2019-03-23T00:00:00.000' AS DateTime), NULL)
--INSERT [dbo].[Estrategias] ([Id], [Nombre], [Estado], [UsuarioCreacion], [UsuarioModificacion], [FechaCreacion], [FechaModificacion]) VALUES (8, N'ESTUDIO DE SITUACIONES REALES EN ENTORNOS DE LA INDUSTRIA DE SOFTWARE', 1, N'ADMINISTRADOR', NULL, CAST(N'2019-03-23T00:00:00.000' AS DateTime), NULL)
--INSERT [dbo].[Estrategias] ([Id], [Nombre], [Estado], [UsuarioCreacion], [UsuarioModificacion], [FechaCreacion], [FechaModificacion]) VALUES (9, N'ESTUDIO CRÍTICO DE TEMAS', 1, N'ADMINISTRADOR', NULL, CAST(N'2019-03-23T00:00:00.000' AS DateTime), NULL)
--SET IDENTITY_INSERT [dbo].[Estrategias] OFF
--SET IDENTITY_INSERT [dbo].[Evidencias] ON 

--INSERT [dbo].[Evidencias] ([Id], [Nombre], [Estado], [UsuarioCreacion], [UsuarioModificacion], [FechaCreacion], [FechaModificacion]) VALUES (1, N'EXAMEN ESCRITO', 1, N'ADMINISTRADOR', NULL, CAST(N'2019-03-23T00:00:00.000' AS DateTime), NULL)
--INSERT [dbo].[Evidencias] ([Id], [Nombre], [Estado], [UsuarioCreacion], [UsuarioModificacion], [FechaCreacion], [FechaModificacion]) VALUES (2, N'PARTICIPACIONES EN CLASES', 1, N'ADMINISTRADOR', NULL, CAST(N'2019-03-23T00:00:00.000' AS DateTime), NULL)
--INSERT [dbo].[Evidencias] ([Id], [Nombre], [Estado], [UsuarioCreacion], [UsuarioModificacion], [FechaCreacion], [FechaModificacion]) VALUES (3, N'RESOLUCIÓN DE EJERCICIOS', 1, N'ADMINISTRADOR', NULL, CAST(N'2019-03-23T00:00:00.000' AS DateTime), NULL)
--INSERT [dbo].[Evidencias] ([Id], [Nombre], [Estado], [UsuarioCreacion], [UsuarioModificacion], [FechaCreacion], [FechaModificacion]) VALUES (4, N'REVISIÓN Y SOLUCIÓN DE EJERCICIOS PLANTEADOS', 1, N'ADMINISTRADOR', NULL, CAST(N'2019-03-23T00:00:00.000' AS DateTime), NULL)
--INSERT [dbo].[Evidencias] ([Id], [Nombre], [Estado], [UsuarioCreacion], [UsuarioModificacion], [FechaCreacion], [FechaModificacion]) VALUES (5, N'PRESENTACIÓN DE LOS RESULTADOS DE LAS ACTIVIDADES DESARROLLADAS EN EL LABORATORIO', 1, N'ADMINISTRADOR', NULL, CAST(N'2019-03-23T00:00:00.000' AS DateTime), NULL)
--INSERT [dbo].[Evidencias] ([Id], [Nombre], [Estado], [UsuarioCreacion], [UsuarioModificacion], [FechaCreacion], [FechaModificacion]) VALUES (6, N'PUNTUALIDAD EN LA ENTREGA DE INFORMES', 1, N'ADMINISTRADOR', NULL, CAST(N'2019-03-23T00:00:00.000' AS DateTime), NULL)
--INSERT [dbo].[Evidencias] ([Id], [Nombre], [Estado], [UsuarioCreacion], [UsuarioModificacion], [FechaCreacion], [FechaModificacion]) VALUES (7, N'RESPETO POR LAS NORMAS DADAS', 1, N'ADMINISTRADOR', NULL, CAST(N'2019-03-23T00:00:00.000' AS DateTime), NULL)
--INSERT [dbo].[Evidencias] ([Id], [Nombre], [Estado], [UsuarioCreacion], [UsuarioModificacion], [FechaCreacion], [FechaModificacion]) VALUES (8, N'COOPERACIÓN Y RESPONSABILIDAD EN LOS TRABAJOS GRUPALES1', 1, N'ADMINISTRADOR', NULL, CAST(N'2019-03-23T00:00:00.000' AS DateTime), NULL)
--INSERT [dbo].[Evidencias] ([Id], [Nombre], [Estado], [UsuarioCreacion], [UsuarioModificacion], [FechaCreacion], [FechaModificacion]) VALUES (9, N'LISTA DE COTEJOS', 1, N'ADMINISTRADOR', NULL, CAST(N'2019-03-23T00:00:00.000' AS DateTime), NULL)
--INSERT [dbo].[Evidencias] ([Id], [Nombre], [Estado], [UsuarioCreacion], [UsuarioModificacion], [FechaCreacion], [FechaModificacion]) VALUES (11, N'EXAMEN ORAL', 1, N'ADMINISTRADOR', NULL, CAST(N'2019-03-23T00:00:00.000' AS DateTime), NULL)
--INSERT [dbo].[Evidencias] ([Id], [Nombre], [Estado], [UsuarioCreacion], [UsuarioModificacion], [FechaCreacion], [FechaModificacion]) VALUES (12, N'SUSTENTACIÓN DE CASOS DE ESTUDIO', 1, N'ADMINISTRADOR', NULL, CAST(N'2019-03-23T00:00:00.000' AS DateTime), NULL)
--SET IDENTITY_INSERT [dbo].[Evidencias] OFF
--SET IDENTITY_INSERT [dbo].[Facultades] ON 

--INSERT [dbo].[Parametricas] ([Id], [CodigoControl], [DescripcionControl], [Informacion], [valor], [texto], [Auxiliar01], [Auxiliar02]) VALUES (2, 1, N'ComboBox', N'Año - Semestre', 1, N'2019 - I', 2019, 1)
--INSERT [dbo].[Parametricas] ([Id], [CodigoControl], [DescripcionControl], [Informacion], [valor], [texto], [Auxiliar01], [Auxiliar02]) VALUES (4, 1, N'ComboBox', N'Año - Semestre', 2, N'2019 - III', 2019, 1)
--INSERT [dbo].[Parametricas] ([Id], [CodigoControl], [DescripcionControl], [Informacion], [valor], [texto], [Auxiliar01], [Auxiliar02]) VALUES (5, 1, N'ComboBox', N'Año - Semestre', 3, N'2019 - V', 2019, 1)
--INSERT [dbo].[Parametricas] ([Id], [CodigoControl], [DescripcionControl], [Informacion], [valor], [texto], [Auxiliar01], [Auxiliar02]) VALUES (6, 1, N'ComboBox', N'Año - Semestre', 4, N'2019 - VII', 2019, 1)
--INSERT [dbo].[Parametricas] ([Id], [CodigoControl], [DescripcionControl], [Informacion], [valor], [texto], [Auxiliar01], [Auxiliar02]) VALUES (7, 1, N'ComboBox', N'Año - Semestre', 5, N'2019 - XI', 2019, 1)
--INSERT [dbo].[Parametricas] ([Id], [CodigoControl], [DescripcionControl], [Informacion], [valor], [texto], [Auxiliar01], [Auxiliar02]) VALUES (9, 1, N'ComboBox', N'Año - Semestre', 6, N'2019 - II', 2019, 2)
--INSERT [dbo].[Parametricas] ([Id], [CodigoControl], [DescripcionControl], [Informacion], [valor], [texto], [Auxiliar01], [Auxiliar02]) VALUES (10, 1, N'ComboBox', N'Año - Semestre', 7, N'2019 - IV', 2019, 2)
--INSERT [dbo].[Parametricas] ([Id], [CodigoControl], [DescripcionControl], [Informacion], [valor], [texto], [Auxiliar01], [Auxiliar02]) VALUES (11, 1, N'ComboBox', N'Año - Semestre', 8, N'2019 - VI', 2019, 2)
--INSERT [dbo].[Parametricas] ([Id], [CodigoControl], [DescripcionControl], [Informacion], [valor], [texto], [Auxiliar01], [Auxiliar02]) VALUES (12, 1, N'ComboBox', N'Año - Semestre', 9, N'2019 - VIII', 2019, 2)
--INSERT [dbo].[Parametricas] ([Id], [CodigoControl], [DescripcionControl], [Informacion], [valor], [texto], [Auxiliar01], [Auxiliar02]) VALUES (13, 1, N'ComboBox', N'Año - Semestre', 10, N'2019 - X', 2019, 2)
--SET IDENTITY_INSERT [dbo].[Parametricas] OFF
--SET IDENTITY_INSERT [dbo].[PlanEstudios] ON 

--INSERT [dbo].[Saberes] ([Id], [Nombre], [Estado], [UsuarioCreacion], [UsuarioModificacion], [FechaCreacion], [FechaModificacion]) VALUES (1, N'SABER CONCEPTUAL', 1, N'ADMINISTRADOR', NULL, CAST(N'2019-03-23T00:00:00.000' AS DateTime), NULL)
--INSERT [dbo].[Saberes] ([Id], [Nombre], [Estado], [UsuarioCreacion], [UsuarioModificacion], [FechaCreacion], [FechaModificacion]) VALUES (2, N'SABER PROCEDIMENTAL', 1, N'ADMINISTRADOR', NULL, CAST(N'2019-03-23T00:00:00.000' AS DateTime), NULL)
--INSERT [dbo].[Saberes] ([Id], [Nombre], [Estado], [UsuarioCreacion], [UsuarioModificacion], [FechaCreacion], [FechaModificacion]) VALUES (3, N'SABER ACTITUDINAL', 1, N'ADMONISTRADOR', NULL, CAST(N'2019-03-23T00:00:00.000' AS DateTime), NULL)
--SET IDENTITY_INSERT [dbo].[Saberes] OFF
--SET IDENTITY_INSERT [dbo].[SilaboCriterios] ON 

--INSERT [dbo].[SilaboCriterios] ([Id], [IdCriterios], [IdSilaboFasesSaberes], [Estado], [UsuarioCreacion], [UsuarioModificacion], [FechaCreacion], [FechaModificacion]) VALUES (1, 1, 1, N'1', N'ADMINISTRADOR', NULL, CAST(N'2019-03-23T00:00:00.000' AS DateTime), NULL)
--INSERT [dbo].[SilaboCriterios] ([Id], [IdCriterios], [IdSilaboFasesSaberes], [Estado], [UsuarioCreacion], [UsuarioModificacion], [FechaCreacion], [FechaModificacion]) VALUES (2, 2, 2, N'1', N'ADMINISTRADOR', NULL, CAST(N'2019-03-23T00:00:00.000' AS DateTime), NULL)
--INSERT [dbo].[SilaboCriterios] ([Id], [IdCriterios], [IdSilaboFasesSaberes], [Estado], [UsuarioCreacion], [UsuarioModificacion], [FechaCreacion], [FechaModificacion]) VALUES (3, 3, 2, N'1', N'ADMINISTRADOR', NULL, CAST(N'2019-03-23T00:00:00.000' AS DateTime), NULL)
--INSERT [dbo].[SilaboCriterios] ([Id], [IdCriterios], [IdSilaboFasesSaberes], [Estado], [UsuarioCreacion], [UsuarioModificacion], [FechaCreacion], [FechaModificacion]) VALUES (4, 4, 2, N'1', N'ADMINISTRADOR', NULL, CAST(N'2019-03-23T00:00:00.000' AS DateTime), NULL)
--INSERT [dbo].[SilaboCriterios] ([Id], [IdCriterios], [IdSilaboFasesSaberes], [Estado], [UsuarioCreacion], [UsuarioModificacion], [FechaCreacion], [FechaModificacion]) VALUES (5, 5, 3, N'1', N'ADMINISTRADOR', NULL, CAST(N'2019-03-23T00:00:00.000' AS DateTime), NULL)
--INSERT [dbo].[SilaboCriterios] ([Id], [IdCriterios], [IdSilaboFasesSaberes], [Estado], [UsuarioCreacion], [UsuarioModificacion], [FechaCreacion], [FechaModificacion]) VALUES (6, 6, 3, N'1', N'ADMINISTRADOR', NULL, CAST(N'2019-03-23T00:00:00.000' AS DateTime), NULL)
--INSERT [dbo].[SilaboCriterios] ([Id], [IdCriterios], [IdSilaboFasesSaberes], [Estado], [UsuarioCreacion], [UsuarioModificacion], [FechaCreacion], [FechaModificacion]) VALUES (7, 7, 3, N'1', N'ADMINISTRADOR', NULL, CAST(N'2019-03-23T00:00:00.000' AS DateTime), NULL)
--INSERT [dbo].[SilaboCriterios] ([Id], [IdCriterios], [IdSilaboFasesSaberes], [Estado], [UsuarioCreacion], [UsuarioModificacion], [FechaCreacion], [FechaModificacion]) VALUES (8, 8, 3, N'1', N'ADMINISTRADOR', NULL, CAST(N'2019-03-23T00:00:00.000' AS DateTime), NULL)
--INSERT [dbo].[SilaboCriterios] ([Id], [IdCriterios], [IdSilaboFasesSaberes], [Estado], [UsuarioCreacion], [UsuarioModificacion], [FechaCreacion], [FechaModificacion]) VALUES (9, 1, 6, N'1', N'ADMINISTRADOR', NULL, CAST(N'2019-03-23T00:00:00.000' AS DateTime), NULL)
--INSERT [dbo].[SilaboCriterios] ([Id], [IdCriterios], [IdSilaboFasesSaberes], [Estado], [UsuarioCreacion], [UsuarioModificacion], [FechaCreacion], [FechaModificacion]) VALUES (10, 9, 7, N'1', N'ADMINISTRADOR', NULL, CAST(N'2019-03-23T00:00:00.000' AS DateTime), NULL)
--INSERT [dbo].[SilaboCriterios] ([Id], [IdCriterios], [IdSilaboFasesSaberes], [Estado], [UsuarioCreacion], [UsuarioModificacion], [FechaCreacion], [FechaModificacion]) VALUES (11, 3, 7, N'1', N'ADMINISTRADOR', NULL, CAST(N'2019-03-23T00:00:00.000' AS DateTime), NULL)
--INSERT [dbo].[SilaboCriterios] ([Id], [IdCriterios], [IdSilaboFasesSaberes], [Estado], [UsuarioCreacion], [UsuarioModificacion], [FechaCreacion], [FechaModificacion]) VALUES (12, 5, 8, N'1', N'ADMINISTRADOR', NULL, CAST(N'2019-03-23T00:00:00.000' AS DateTime), NULL)
--INSERT [dbo].[SilaboCriterios] ([Id], [IdCriterios], [IdSilaboFasesSaberes], [Estado], [UsuarioCreacion], [UsuarioModificacion], [FechaCreacion], [FechaModificacion]) VALUES (15, 6, 8, N'1', N'ADMINISTRADOR', NULL, CAST(N'2019-03-23T00:00:00.000' AS DateTime), NULL)
--INSERT [dbo].[SilaboCriterios] ([Id], [IdCriterios], [IdSilaboFasesSaberes], [Estado], [UsuarioCreacion], [UsuarioModificacion], [FechaCreacion], [FechaModificacion]) VALUES (16, 7, 8, N'1', N'ADMINISTRADOR', NULL, CAST(N'2019-03-23T00:00:00.000' AS DateTime), NULL)
--INSERT [dbo].[SilaboCriterios] ([Id], [IdCriterios], [IdSilaboFasesSaberes], [Estado], [UsuarioCreacion], [UsuarioModificacion], [FechaCreacion], [FechaModificacion]) VALUES (17, 8, 8, N'1', N'ADMINISTRADOR', NULL, CAST(N'2019-03-23T00:00:00.000' AS DateTime), NULL)
--INSERT [dbo].[SilaboCriterios] ([Id], [IdCriterios], [IdSilaboFasesSaberes], [Estado], [UsuarioCreacion], [UsuarioModificacion], [FechaCreacion], [FechaModificacion]) VALUES (18, 1, 9, N'1', N'ADMNISTRADOR', NULL, CAST(N'2019-03-23T00:00:00.000' AS DateTime), NULL)
--INSERT [dbo].[SilaboCriterios] ([Id], [IdCriterios], [IdSilaboFasesSaberes], [Estado], [UsuarioCreacion], [UsuarioModificacion], [FechaCreacion], [FechaModificacion]) VALUES (19, 10, 10, N'1', N'ADMINISTRADOR', NULL, CAST(N'2019-03-23T00:00:00.000' AS DateTime), NULL)
--INSERT [dbo].[SilaboCriterios] ([Id], [IdCriterios], [IdSilaboFasesSaberes], [Estado], [UsuarioCreacion], [UsuarioModificacion], [FechaCreacion], [FechaModificacion]) VALUES (20, 3, 10, N'1', N'ADMINISTRADOR', NULL, CAST(N'2019-03-23T00:00:00.000' AS DateTime), NULL)
--INSERT [dbo].[SilaboCriterios] ([Id], [IdCriterios], [IdSilaboFasesSaberes], [Estado], [UsuarioCreacion], [UsuarioModificacion], [FechaCreacion], [FechaModificacion]) VALUES (21, 4, 10, N'1', N'ADMINISTRADOR', NULL, CAST(N'2019-03-23T00:00:00.000' AS DateTime), NULL)
--INSERT [dbo].[SilaboCriterios] ([Id], [IdCriterios], [IdSilaboFasesSaberes], [Estado], [UsuarioCreacion], [UsuarioModificacion], [FechaCreacion], [FechaModificacion]) VALUES (22, 5, 11, N'1', N'ADMINISTRADOR', NULL, CAST(N'2019-03-23T00:00:00.000' AS DateTime), NULL)
--INSERT [dbo].[SilaboCriterios] ([Id], [IdCriterios], [IdSilaboFasesSaberes], [Estado], [UsuarioCreacion], [UsuarioModificacion], [FechaCreacion], [FechaModificacion]) VALUES (23, 6, 11, N'1', N'ADMINISTRADOR', NULL, CAST(N'2019-03-23T00:00:00.000' AS DateTime), NULL)
--INSERT [dbo].[SilaboCriterios] ([Id], [IdCriterios], [IdSilaboFasesSaberes], [Estado], [UsuarioCreacion], [UsuarioModificacion], [FechaCreacion], [FechaModificacion]) VALUES (24, 7, 11, N'1', N'ADMINISTRADOR', NULL, CAST(N'2019-03-23T00:00:00.000' AS DateTime), NULL)
--INSERT [dbo].[SilaboCriterios] ([Id], [IdCriterios], [IdSilaboFasesSaberes], [Estado], [UsuarioCreacion], [UsuarioModificacion], [FechaCreacion], [FechaModificacion]) VALUES (25, 8, 11, N'1', N'ADMINISTRADOR', NULL, CAST(N'2019-03-23T00:00:00.000' AS DateTime), NULL)
--SET IDENTITY_INSERT [dbo].[SilaboCriterios] OFF
--SET IDENTITY_INSERT [dbo].[SilaboDocentes] ON 

--INSERT [dbo].[SilaboDocentes] ([Id], [IdSilabo], [IdDocente], [Funcion], [Categoria], [Estado], [FechaModificacion], [FechaCreacion], [Cargo], [UsuarioCreacion], [UsuarioModificacion]) VALUES (1, 6, 1, N'DOCENTE', N'CATEGORIA1', 1, CAST(N'2018-09-14T00:00:00.000' AS DateTime), CAST(N'2018-09-14T00:00:00.000' AS DateTime), N'JEFE DE AREA', N'ADMINISTRADOR', NULL)
--INSERT [dbo].[SilaboDocentes] ([Id], [IdSilabo], [IdDocente], [Funcion], [Categoria], [Estado], [FechaModificacion], [FechaCreacion], [Cargo], [UsuarioCreacion], [UsuarioModificacion]) VALUES (2, 7, 2, N'DOCENTE', N'CATEGORIA1', 1, CAST(N'2018-09-14T00:00:00.000' AS DateTime), CAST(N'2018-09-14T00:00:00.000' AS DateTime), N'JEFE DE AREA', N'ADMINISTRADOR', NULL)
--INSERT [dbo].[SilaboDocentes] ([Id], [IdSilabo], [IdDocente], [Funcion], [Categoria], [Estado], [FechaModificacion], [FechaCreacion], [Cargo], [UsuarioCreacion], [UsuarioModificacion]) VALUES (3, 8, 4, N'DOCENTE ', N'CATEGORIA1', 1, CAST(N'2018-09-14T00:00:00.000' AS DateTime), CAST(N'2018-09-14T00:00:00.000' AS DateTime), N'JEFE DE AREA', N'ADMINISTRADOR', NULL)
--INSERT [dbo].[SilaboDocentes] ([Id], [IdSilabo], [IdDocente], [Funcion], [Categoria], [Estado], [FechaModificacion], [FechaCreacion], [Cargo], [UsuarioCreacion], [UsuarioModificacion]) VALUES (4, 9, 5, N'DOCENTE', N'CATEGORIA1', 1, CAST(N'2018-09-14T00:00:00.000' AS DateTime), CAST(N'2018-09-14T00:00:00.000' AS DateTime), N'JEFE DE AREA', N'ADMINISTRADOR', NULL)
--INSERT [dbo].[SilaboDocentes] ([Id], [IdSilabo], [IdDocente], [Funcion], [Categoria], [Estado], [FechaModificacion], [FechaCreacion], [Cargo], [UsuarioCreacion], [UsuarioModificacion]) VALUES (5, 10, 1, N'DOCENTE', N'CATEGORIA1', 1, CAST(N'2018-09-14T00:00:00.000' AS DateTime), CAST(N'2018-09-14T00:00:00.000' AS DateTime), N'JEFE DE AREA', N'ADMINISTRADOR', NULL)
--INSERT [dbo].[SilaboDocentes] ([Id], [IdSilabo], [IdDocente], [Funcion], [Categoria], [Estado], [FechaModificacion], [FechaCreacion], [Cargo], [UsuarioCreacion], [UsuarioModificacion]) VALUES (6, 11, 2, N'DOCENTE ', N'CATEGORIA1', 1, CAST(N'2018-09-14T00:00:00.000' AS DateTime), CAST(N'2018-09-14T00:00:00.000' AS DateTime), N'DOCENTE', N'ADMINISTRADOR', NULL)
--INSERT [dbo].[SilaboDocentes] ([Id], [IdSilabo], [IdDocente], [Funcion], [Categoria], [Estado], [FechaModificacion], [FechaCreacion], [Cargo], [UsuarioCreacion], [UsuarioModificacion]) VALUES (8, 12, 4, N'DOCENTE', N'CATEGORIA1', 1, CAST(N'2018-09-14T00:00:00.000' AS DateTime), CAST(N'2018-09-14T00:00:00.000' AS DateTime), N'DOCENTE', N'ADMINISTRADOR', NULL)
--INSERT [dbo].[SilaboDocentes] ([Id], [IdSilabo], [IdDocente], [Funcion], [Categoria], [Estado], [FechaModificacion], [FechaCreacion], [Cargo], [UsuarioCreacion], [UsuarioModificacion]) VALUES (9, 13, 5, N'DOCENTE', N'CATEGORIA1', 1, CAST(N'2018-09-14T00:00:00.000' AS DateTime), CAST(N'2018-09-14T00:00:00.000' AS DateTime), N'DOCENTE', N'ADMINISTRADOR', NULL)
--SET IDENTITY_INSERT [dbo].[SilaboDocentes] OFF
--SET IDENTITY_INSERT [dbo].[SilaboEstrategias] ON 

--INSERT [dbo].[SilaboEstrategias] ([Id], [IdEstrategia], [IdSilaboFasesSaberes], [Estado], [UsuarioCreacion], [UsuarioModificacion], [FechaCreacion], [FechaModificacion]) VALUES (1, 1, 1, N'1', N'ADMINISTRADOR', NULL, CAST(N'2019-03-23T00:00:00.000' AS DateTime), NULL)
--INSERT [dbo].[SilaboEstrategias] ([Id], [IdEstrategia], [IdSilaboFasesSaberes], [Estado], [UsuarioCreacion], [UsuarioModificacion], [FechaCreacion], [FechaModificacion]) VALUES (2, 8, 2, N'1', N'ADMINISTRADOR', NULL, CAST(N'2019-03-23T00:00:00.000' AS DateTime), NULL)
--INSERT [dbo].[SilaboEstrategias] ([Id], [IdEstrategia], [IdSilaboFasesSaberes], [Estado], [UsuarioCreacion], [UsuarioModificacion], [FechaCreacion], [FechaModificacion]) VALUES (3, 4, 2, N'1', N'ADMINISTRADOR', NULL, CAST(N'2019-03-23T00:00:00.000' AS DateTime), NULL)
--INSERT [dbo].[SilaboEstrategias] ([Id], [IdEstrategia], [IdSilaboFasesSaberes], [Estado], [UsuarioCreacion], [UsuarioModificacion], [FechaCreacion], [FechaModificacion]) VALUES (4, 5, 3, N'1', N'ADMINISTRADOR', NULL, CAST(N'2019-03-23T00:00:00.000' AS DateTime), NULL)
--INSERT [dbo].[SilaboEstrategias] ([Id], [IdEstrategia], [IdSilaboFasesSaberes], [Estado], [UsuarioCreacion], [UsuarioModificacion], [FechaCreacion], [FechaModificacion]) VALUES (5, 7, 3, N'1', N'ADMINISTRADOR', NULL, CAST(N'2019-03-23T00:00:00.000' AS DateTime), NULL)
--INSERT [dbo].[SilaboEstrategias] ([Id], [IdEstrategia], [IdSilaboFasesSaberes], [Estado], [UsuarioCreacion], [UsuarioModificacion], [FechaCreacion], [FechaModificacion]) VALUES (6, 1, 6, N'1', N'ADMINISTRADOR', NULL, CAST(N'2019-03-23T00:00:00.000' AS DateTime), NULL)
--INSERT [dbo].[SilaboEstrategias] ([Id], [IdEstrategia], [IdSilaboFasesSaberes], [Estado], [UsuarioCreacion], [UsuarioModificacion], [FechaCreacion], [FechaModificacion]) VALUES (7, 2, 6, N'1', N'ADMINISTRADOR', NULL, CAST(N'2019-03-23T00:00:00.000' AS DateTime), NULL)
--INSERT [dbo].[SilaboEstrategias] ([Id], [IdEstrategia], [IdSilaboFasesSaberes], [Estado], [UsuarioCreacion], [UsuarioModificacion], [FechaCreacion], [FechaModificacion]) VALUES (8, 3, 7, N'1', N'ADMINISTRADOR', NULL, CAST(N'2019-03-23T00:00:00.000' AS DateTime), NULL)
--INSERT [dbo].[SilaboEstrategias] ([Id], [IdEstrategia], [IdSilaboFasesSaberes], [Estado], [UsuarioCreacion], [UsuarioModificacion], [FechaCreacion], [FechaModificacion]) VALUES (9, 4, 7, N'1', N'ADMINISTRADOR', NULL, CAST(N'2019-03-23T00:00:00.000' AS DateTime), NULL)
--INSERT [dbo].[SilaboEstrategias] ([Id], [IdEstrategia], [IdSilaboFasesSaberes], [Estado], [UsuarioCreacion], [UsuarioModificacion], [FechaCreacion], [FechaModificacion]) VALUES (10, 5, 8, N'1', N'ADMINISTRADOR', NULL, CAST(N'2019-03-23T00:00:00.000' AS DateTime), NULL)
--INSERT [dbo].[SilaboEstrategias] ([Id], [IdEstrategia], [IdSilaboFasesSaberes], [Estado], [UsuarioCreacion], [UsuarioModificacion], [FechaCreacion], [FechaModificacion]) VALUES (11, 7, 8, N'1', N'ADMINISTRADOR', NULL, CAST(N'2019-03-23T00:00:00.000' AS DateTime), NULL)
--INSERT [dbo].[SilaboEstrategias] ([Id], [IdEstrategia], [IdSilaboFasesSaberes], [Estado], [UsuarioCreacion], [UsuarioModificacion], [FechaCreacion], [FechaModificacion]) VALUES (12, 1, 9, N'1', N'ADMINISTRADOR', NULL, CAST(N'2019-03-23T00:00:00.000' AS DateTime), NULL)
--INSERT [dbo].[SilaboEstrategias] ([Id], [IdEstrategia], [IdSilaboFasesSaberes], [Estado], [UsuarioCreacion], [UsuarioModificacion], [FechaCreacion], [FechaModificacion]) VALUES (13, 9, 9, N'1', N'ADMINISTRADOR', NULL, CAST(N'2019-03-23T00:00:00.000' AS DateTime), NULL)
--INSERT [dbo].[SilaboEstrategias] ([Id], [IdEstrategia], [IdSilaboFasesSaberes], [Estado], [UsuarioCreacion], [UsuarioModificacion], [FechaCreacion], [FechaModificacion]) VALUES (15, 8, 10, N'1', N'ADMINISTRADOR', NULL, CAST(N'2019-03-23T00:00:00.000' AS DateTime), NULL)
--INSERT [dbo].[SilaboEstrategias] ([Id], [IdEstrategia], [IdSilaboFasesSaberes], [Estado], [UsuarioCreacion], [UsuarioModificacion], [FechaCreacion], [FechaModificacion]) VALUES (16, 4, 10, N'1', N'ADMINISTRADOR', NULL, CAST(N'2019-03-23T00:00:00.000' AS DateTime), NULL)
--INSERT [dbo].[SilaboEstrategias] ([Id], [IdEstrategia], [IdSilaboFasesSaberes], [Estado], [UsuarioCreacion], [UsuarioModificacion], [FechaCreacion], [FechaModificacion]) VALUES (17, 5, 11, N'1', N'ADMINISTRADOR', NULL, CAST(N'2019-03-23T00:00:00.000' AS DateTime), NULL)
--INSERT [dbo].[SilaboEstrategias] ([Id], [IdEstrategia], [IdSilaboFasesSaberes], [Estado], [UsuarioCreacion], [UsuarioModificacion], [FechaCreacion], [FechaModificacion]) VALUES (18, 7, 11, N'1', N'ADMINISTRADOR', NULL, CAST(N'2019-03-23T00:00:00.000' AS DateTime), NULL)
--SET IDENTITY_INSERT [dbo].[SilaboEstrategias] OFF
--SET IDENTITY_INSERT [dbo].[SilaboEvidencias] ON 

--INSERT [dbo].[SilaboEvidencias] ([Id], [IdEvidencia], [IdSilaboFasesSaberes], [Estado], [UsuarioCreacion], [UsuarioModificacion], [FechaCreacion], [FechaModificacion]) VALUES (1, 1, 1, N'1', N'ADMINISTRADOR', NULL, CAST(N'2019-03-23T00:00:00.000' AS DateTime), NULL)
--INSERT [dbo].[SilaboEvidencias] ([Id], [IdEvidencia], [IdSilaboFasesSaberes], [Estado], [UsuarioCreacion], [UsuarioModificacion], [FechaCreacion], [FechaModificacion]) VALUES (2, 2, 1, N'1', N'ADMINISTRADOR', NULL, CAST(N'2019-03-23T00:00:00.000' AS DateTime), NULL)
--INSERT [dbo].[SilaboEvidencias] ([Id], [IdEvidencia], [IdSilaboFasesSaberes], [Estado], [UsuarioCreacion], [UsuarioModificacion], [FechaCreacion], [FechaModificacion]) VALUES (4, 3, 2, N'1', N'ADMINISTRADOR', NULL, CAST(N'2019-03-23T00:00:00.000' AS DateTime), NULL)
--INSERT [dbo].[SilaboEvidencias] ([Id], [IdEvidencia], [IdSilaboFasesSaberes], [Estado], [UsuarioCreacion], [UsuarioModificacion], [FechaCreacion], [FechaModificacion]) VALUES (5, 4, 2, N'1', N'ADMINISTRADOR', NULL, CAST(N'2019-03-23T00:00:00.000' AS DateTime), NULL)
--INSERT [dbo].[SilaboEvidencias] ([Id], [IdEvidencia], [IdSilaboFasesSaberes], [Estado], [UsuarioCreacion], [UsuarioModificacion], [FechaCreacion], [FechaModificacion]) VALUES (6, 5, 2, N'1', N'ADMINISTRADOR', NULL, CAST(N'2019-03-23T00:00:00.000' AS DateTime), NULL)
--INSERT [dbo].[SilaboEvidencias] ([Id], [IdEvidencia], [IdSilaboFasesSaberes], [Estado], [UsuarioCreacion], [UsuarioModificacion], [FechaCreacion], [FechaModificacion]) VALUES (7, 6, 3, N'1', N'ADMINISTRADOR', NULL, CAST(N'2019-03-23T00:00:00.000' AS DateTime), NULL)
--INSERT [dbo].[SilaboEvidencias] ([Id], [IdEvidencia], [IdSilaboFasesSaberes], [Estado], [UsuarioCreacion], [UsuarioModificacion], [FechaCreacion], [FechaModificacion]) VALUES (8, 7, 3, N'1', N'ADMINISTRADOR', NULL, CAST(N'2019-03-23T00:00:00.000' AS DateTime), NULL)
--INSERT [dbo].[SilaboEvidencias] ([Id], [IdEvidencia], [IdSilaboFasesSaberes], [Estado], [UsuarioCreacion], [UsuarioModificacion], [FechaCreacion], [FechaModificacion]) VALUES (9, 8, 3, N'1', N'ADMINISTRADOR', NULL, CAST(N'2019-03-23T00:00:00.000' AS DateTime), NULL)
--INSERT [dbo].[SilaboEvidencias] ([Id], [IdEvidencia], [IdSilaboFasesSaberes], [Estado], [UsuarioCreacion], [UsuarioModificacion], [FechaCreacion], [FechaModificacion]) VALUES (10, 9, 3, N'1', N'ADMINISTRADOR', NULL, CAST(N'2019-03-23T00:00:00.000' AS DateTime), NULL)
--INSERT [dbo].[SilaboEvidencias] ([Id], [IdEvidencia], [IdSilaboFasesSaberes], [Estado], [UsuarioCreacion], [UsuarioModificacion], [FechaCreacion], [FechaModificacion]) VALUES (11, 1, 6, N'1', N'ADMINISTRADOR', NULL, CAST(N'2019-03-23T00:00:00.000' AS DateTime), NULL)
--INSERT [dbo].[SilaboEvidencias] ([Id], [IdEvidencia], [IdSilaboFasesSaberes], [Estado], [UsuarioCreacion], [UsuarioModificacion], [FechaCreacion], [FechaModificacion]) VALUES (12, 11, 6, N'1', N'ADMINISTRADOR', NULL, CAST(N'2019-03-23T00:00:00.000' AS DateTime), NULL)
--INSERT [dbo].[SilaboEvidencias] ([Id], [IdEvidencia], [IdSilaboFasesSaberes], [Estado], [UsuarioCreacion], [UsuarioModificacion], [FechaCreacion], [FechaModificacion]) VALUES (13, 3, 7, N'1', N'ADMINISTRADOR', NULL, CAST(N'2019-03-23T00:00:00.000' AS DateTime), NULL)
--INSERT [dbo].[SilaboEvidencias] ([Id], [IdEvidencia], [IdSilaboFasesSaberes], [Estado], [UsuarioCreacion], [UsuarioModificacion], [FechaCreacion], [FechaModificacion]) VALUES (14, 4, 7, N'1', N'ADMINISTRADOR', NULL, CAST(N'2019-03-23T00:00:00.000' AS DateTime), NULL)
--INSERT [dbo].[SilaboEvidencias] ([Id], [IdEvidencia], [IdSilaboFasesSaberes], [Estado], [UsuarioCreacion], [UsuarioModificacion], [FechaCreacion], [FechaModificacion]) VALUES (16, 5, 7, N'1', N'ADMINISTRADOR', NULL, CAST(N'2019-03-23T00:00:00.000' AS DateTime), NULL)
--INSERT [dbo].[SilaboEvidencias] ([Id], [IdEvidencia], [IdSilaboFasesSaberes], [Estado], [UsuarioCreacion], [UsuarioModificacion], [FechaCreacion], [FechaModificacion]) VALUES (17, 6, 8, N'1', N'ADMINISTRADOR', NULL, CAST(N'2019-03-23T00:00:00.000' AS DateTime), NULL)
--INSERT [dbo].[SilaboEvidencias] ([Id], [IdEvidencia], [IdSilaboFasesSaberes], [Estado], [UsuarioCreacion], [UsuarioModificacion], [FechaCreacion], [FechaModificacion]) VALUES (18, 7, 8, N'1', N'ADMINISTRADOR', NULL, CAST(N'2019-03-23T00:00:00.000' AS DateTime), NULL)
--INSERT [dbo].[SilaboEvidencias] ([Id], [IdEvidencia], [IdSilaboFasesSaberes], [Estado], [UsuarioCreacion], [UsuarioModificacion], [FechaCreacion], [FechaModificacion]) VALUES (19, 8, 8, N'1', N'ADMINISTRADOR', NULL, CAST(N'2019-03-23T00:00:00.000' AS DateTime), NULL)
--INSERT [dbo].[SilaboEvidencias] ([Id], [IdEvidencia], [IdSilaboFasesSaberes], [Estado], [UsuarioCreacion], [UsuarioModificacion], [FechaCreacion], [FechaModificacion]) VALUES (20, 9, 8, N'1', N'ADMINISTRADOR', NULL, CAST(N'2019-03-23T00:00:00.000' AS DateTime), NULL)
--INSERT [dbo].[SilaboEvidencias] ([Id], [IdEvidencia], [IdSilaboFasesSaberes], [Estado], [UsuarioCreacion], [UsuarioModificacion], [FechaCreacion], [FechaModificacion]) VALUES (21, 1, 9, N'1', N'ADMINISTRADOR', NULL, CAST(N'2019-03-23T00:00:00.000' AS DateTime), NULL)
--INSERT [dbo].[SilaboEvidencias] ([Id], [IdEvidencia], [IdSilaboFasesSaberes], [Estado], [UsuarioCreacion], [UsuarioModificacion], [FechaCreacion], [FechaModificacion]) VALUES (22, 3, 10, N'1', N'ADMINISTRADOR', NULL, CAST(N'2019-03-23T00:00:00.000' AS DateTime), NULL)
--SET IDENTITY_INSERT [dbo].[SilaboEvidencias] OFF
--SET IDENTITY_INSERT [dbo].[SilaboFases] ON 

--INSERT [dbo].[SilaboFasesSaberes] ([Id], [Descripcion], [IdSaberes], [IdSilaboFase], [ValorTeorico], [ValorPractico], [Estado], [UsuarioCreacion], [UsuarioModificacion], [FechaCreacion], [FechaModificacion]) VALUES (1, N'ANALIZA LOS CONCEPTOS DE DISEÑO Y ARQUITECTURA', 1, 2, 40, 0, N'1', N'ADMINISTRADOR', NULL, CAST(N'2019-03-23T00:00:00.000' AS DateTime), NULL)
--INSERT [dbo].[SilaboFasesSaberes] ([Id], [Descripcion], [IdSaberes], [IdSilaboFase], [ValorTeorico], [ValorPractico], [Estado], [UsuarioCreacion], [UsuarioModificacion], [FechaCreacion], [FechaModificacion]) VALUES (2, N'APLICA LOS PROCEDIMIENTOS DE GESTIÓN DE EQUIPOS PARA DESARROLLAR SOFTWARE', 2, 2, 0, 40, N'1', N'ADMINISTRADOR', NULL, CAST(N'2019-03-23T00:00:00.000' AS DateTime), NULL)
--INSERT [dbo].[SilaboFasesSaberes] ([Id], [Descripcion], [IdSaberes], [IdSilaboFase], [ValorTeorico], [ValorPractico], [Estado], [UsuarioCreacion], [UsuarioModificacion], [FechaCreacion], [FechaModificacion]) VALUES (3, N'MUESTRA RESPONSABILIDAD, INTERPES Y PREDISPOSCIÓN PARA DESARROLLAR LOS LABORATORIOS', 3, 2, 20, 0, N'1', N'ADMINISTRADOR', NULL, CAST(N'2019-03-23T00:00:00.000' AS DateTime), NULL)
--INSERT [dbo].[SilaboFasesSaberes] ([Id], [Descripcion], [IdSaberes], [IdSilaboFase], [ValorTeorico], [ValorPractico], [Estado], [UsuarioCreacion], [UsuarioModificacion], [FechaCreacion], [FechaModificacion]) VALUES (6, N'CONOCE Y APLICA TÉCNICAS ESPECÍFICAS DE DISEÑO PARA DESARROLLO DE SOFTWARE', 1, 3, 40, 0, N'1', N'AADMINISTRADOR', NULL, CAST(N'2019-03-23T00:00:00.000' AS DateTime), NULL)
--INSERT [dbo].[SilaboFasesSaberes] ([Id], [Descripcion], [IdSaberes], [IdSilaboFase], [ValorTeorico], [ValorPractico], [Estado], [UsuarioCreacion], [UsuarioModificacion], [FechaCreacion], [FechaModificacion]) VALUES (7, N'SELECCIONA Y APLICA TÉCNICAS DE PATRONES Y DE REFACTORIZACIÓN EN LOS LABORATORIOS', 2, 3, 0, 40, N'1', N'ADMINISTRADOR', NULL, CAST(N'2019-03-23T00:00:00.000' AS DateTime), NULL)
--INSERT [dbo].[SilaboFasesSaberes] ([Id], [Descripcion], [IdSaberes], [IdSilaboFase], [ValorTeorico], [ValorPractico], [Estado], [UsuarioCreacion], [UsuarioModificacion], [FechaCreacion], [FechaModificacion]) VALUES (8, N'MUESTRA EFICIENCIA Y CREATIVIDAD, ADEMÁS ES PUNTUAL', 3, 3, 20, 0, N'1', N'ADMINISTRADOR', NULL, CAST(N'2019-03-23T00:00:00.000' AS DateTime), NULL)
--INSERT [dbo].[SilaboFasesSaberes] ([Id], [Descripcion], [IdSaberes], [IdSilaboFase], [ValorTeorico], [ValorPractico], [Estado], [UsuarioCreacion], [UsuarioModificacion], [FechaCreacion], [FechaModificacion]) VALUES (9, N'DETERMINA LA ARQUITECTURA DE SOFTWARE ADECUADA SEGÚN  LA APLICACIÓN', 1, 4, 40, 0, N'1', N'ADMINISTRADOR', NULL, CAST(N'2019-03-23T00:00:00.000' AS DateTime), NULL)
--INSERT [dbo].[SilaboFasesSaberes] ([Id], [Descripcion], [IdSaberes], [IdSilaboFase], [ValorTeorico], [ValorPractico], [Estado], [UsuarioCreacion], [UsuarioModificacion], [FechaCreacion], [FechaModificacion]) VALUES (10, N'EJECUTA LAS FASES SEGÚN EL MODELO DE CAPAS PARA GESTIONAR LA EVOLUCIÓN DEL SOFTWARE', 2, 4, 0, 40, N'1', N'ADMINISTRADOR', NULL, CAST(N'2019-03-23T00:00:00.000' AS DateTime), NULL)
--INSERT [dbo].[SilaboFasesSaberes] ([Id], [Descripcion], [IdSaberes], [IdSilaboFase], [ValorTeorico], [ValorPractico], [Estado], [UsuarioCreacion], [UsuarioModificacion], [FechaCreacion], [FechaModificacion]) VALUES (11, N'MUESTRA RESPONSABILIDAD, INTERÉS EN CLASES Y MANTIENE ACTITUD DE SUPERACIÓN PERSONAL', 3, 4, 20, 0, N'1', N'ADMINISTRADOR', NULL, CAST(N'2019-03-23T00:00:00.000' AS DateTime), NULL)
--SET IDENTITY_INSERT [dbo].[SilaboFasesSaberes] OFF
--SET IDENTITY_INSERT [dbo].[Silabos] ON 

